report_date,country,region,tier,rank,brand,aps,ceb_usd,market_share_pct,source_report
2026-03-06,Argentina,LATAM,Tier 2,1,Betsson,928630,108830000,16.25,Tier2_Top15_06_03_Blask_iGamingNews.pdf
2026-03-06,Argentina,LATAM,Tier 2,2,Bet365,869550,106890000,15.22,Tier2_Top15_06_03_Blask_iGamingNews.pdf
2026-03-06,Argentina,LATAM,Tier 2,3,Betano,826220,78170000,14.97,Tier2_Top15_06_03_Blask_iGamingNews.pdf
2026-03-06,Argentina,LATAM,Tier 2,4,BetWarrior,544800,71460000,9.16,Tier2_Top15_06_03_Blask_iGamingNews.pdf
2026-03-06,Argentina,LATAM,Tier 2,5,Bplay,373920,46630000,6.25,Tier2_Top15_06_03_Blask_iGamingNews.pdf
2026-03-06,Argentina,LATAM,Tier 2,6,Stake,266490,137730000,4.39,Tier2_Top15_06_03_Blask_iGamingNews.pdf
2026-03-06,Argentina,LATAM,Tier 2,7,Casino Magic Online,220260,28730000,3.52,Tier2_Top15_06_03_Blask_iGamingNews.pdf
2026-03-06,Argentina,LATAM,Tier 2,8,City Center Online,185930,24740000,2.87,Tier2_Top15_06_03_Blask_iGamingNews.pdf
2026-03-06,Argentina,LATAM,Tier 2,9,1xBet,180050,104540000,2.8,Tier2_Top15_06_03_Blask_iGamingNews.pdf
2026-03-06,Argentina,LATAM,Tier 2,10,1Bet,160840,80270000,2.54,Tier2_Top15_06_03_Blask_iGamingNews.pdf
2026-03-06,Argentina,LATAM,Tier 2,11,Casino Club Online,152990,18990000,2.35,Tier2_Top15_06_03_Blask_iGamingNews.pdf
2026-03-06,Argentina,LATAM,Tier 2,12,JugaBet,140930,58030000,2.27,Tier2_Top15_06_03_Blask_iGamingNews.pdf
2026-03-06,Argentina,LATAM,Tier 2,13,1win,146070,82710000,2.19,Tier2_Top15_06_03_Blask_iGamingNews.pdf
2026-03-06,Argentina,LATAM,Tier 2,14,Pálpitos,145550,89300000,2.18,Tier2_Top15_06_03_Blask_iGamingNews.pdf
2026-03-06,Argentina,LATAM,Tier 2,15,GuazuBet,99730,13730000,1.37,Tier2_Top15_06_03_Blask_iGamingNews.pdf
2026-05-08,Argentina,LATAM,Tier 2,1,Betano,1040000,98590000,17.8,Tier2_Top15_08_05_Blask_iGamingNews.pdf
2026-05-08,Argentina,LATAM,Tier 2,2,Betsson,979080,115310000,16.14,Tier2_Top15_08_05_Blask_iGamingNews.pdf
2026-05-08,Argentina,LATAM,Tier 2,3,Bet365,911940,111970000,15.03,Tier2_Top15_08_05_Blask_iGamingNews.pdf
2026-05-08,Argentina,LATAM,Tier 2,4,BetWarrior,542860,71760000,8.63,Tier2_Top15_08_05_Blask_iGamingNews.pdf
2026-05-08,Argentina,LATAM,Tier 2,5,Bplay,384490,48170000,6.08,Tier2_Top15_08_05_Blask_iGamingNews.pdf
2026-05-08,Argentina,LATAM,Tier 2,6,Stake,268310,144830000,4.13,Tier2_Top15_08_05_Blask_iGamingNews.pdf
2026-05-08,Argentina,LATAM,Tier 2,7,Casino Magic Online,220950,29060000,3.33,Tier2_Top15_08_05_Blask_iGamingNews.pdf
2026-05-08,Argentina,LATAM,Tier 2,8,City Center Online,178140,24410000,2.58,Tier2_Top15_08_05_Blask_iGamingNews.pdf
2026-05-08,Argentina,LATAM,Tier 2,9,JugaBet,165690,72670000,2.54,Tier2_Top15_08_05_Blask_iGamingNews.pdf
2026-05-08,Argentina,LATAM,Tier 2,10,1xBet,172420,104510000,2.49,Tier2_Top15_08_05_Blask_iGamingNews.pdf
2026-05-08,Argentina,LATAM,Tier 2,11,1Bet,165480,86480000,2.45,Tier2_Top15_08_05_Blask_iGamingNews.pdf
2026-05-08,Argentina,LATAM,Tier 2,12,Casino Club Online,152460,19440000,2.19,Tier2_Top15_08_05_Blask_iGamingNews.pdf
2026-05-08,Argentina,LATAM,Tier 2,13,1win,150010,84940000,2.14,Tier2_Top15_08_05_Blask_iGamingNews.pdf
2026-05-08,Argentina,LATAM,Tier 2,14,Pálpitos,145750,90310000,2.07,Tier2_Top15_08_05_Blask_iGamingNews.pdf
2026-05-08,Argentina,LATAM,Tier 2,15,TucuApuestas,97010,7610000,1.32,Tier2_Top15_08_05_Blask_iGamingNews.pdf
2026-04-17,Argentina,LATAM,Tier 2,1,Betano,928410,87890000,16.37,Tier2_Top15_17_04_Blask_iGamingNews.pdf
2026-04-17,Argentina,LATAM,Tier 2,2,Betsson,952630,112000000,16.19,Tier2_Top15_17_04_Blask_iGamingNews.pdf
2026-04-17,Argentina,LATAM,Tier 2,3,Bet365,889710,109340000,15.11,Tier2_Top15_17_04_Blask_iGamingNews.pdf
2026-04-17,Argentina,LATAM,Tier 2,4,BetWarrior,541680,71540000,8.84,Tier2_Top15_17_04_Blask_iGamingNews.pdf
2026-04-17,Argentina,LATAM,Tier 2,5,Bplay,378900,47380000,6.16,Tier2_Top15_17_04_Blask_iGamingNews.pdf
2026-04-17,Argentina,LATAM,Tier 2,6,Stake,267870,141670000,4.27,Tier2_Top15_17_04_Blask_iGamingNews.pdf
2026-04-17,Argentina,LATAM,Tier 2,7,Casino Magic Online,220040,28880000,3.42,Tier2_Top15_17_04_Blask_iGamingNews.pdf
2026-04-17,Argentina,LATAM,Tier 2,8,City Center Online,182280,24610000,2.73,Tier2_Top15_17_04_Blask_iGamingNews.pdf
2026-04-17,Argentina,LATAM,Tier 2,9,1xBet,177660,104980000,2.67,Tier2_Top15_17_04_Blask_iGamingNews.pdf
2026-04-17,Argentina,LATAM,Tier 2,10,1Bet,163010,83490000,2.49,Tier2_Top15_17_04_Blask_iGamingNews.pdf
2026-04-17,Argentina,LATAM,Tier 2,11,JugaBet,153810,65430000,2.42,Tier2_Top15_17_04_Blask_iGamingNews.pdf
2026-04-17,Argentina,LATAM,Tier 2,12,Casino Club Online,152940,19240000,2.28,Tier2_Top15_17_04_Blask_iGamingNews.pdf
2026-04-17,Argentina,LATAM,Tier 2,13,1win,148430,83870000,2.18,Tier2_Top15_17_04_Blask_iGamingNews.pdf
2026-04-17,Argentina,LATAM,Tier 2,14,Pálpitos,145540,89810000,2.12,Tier2_Top15_17_04_Blask_iGamingNews.pdf
2026-04-17,Argentina,LATAM,Tier 2,15,GuazuBet,100260,13740000,1.35,Tier2_Top15_17_04_Blask_iGamingNews.pdf
2026-07-24,Argentina,LATAM,Tier 2,1,Betano,1410000,214840000,27.86,Tier2_Top15_24_07_Blask_iGamingNews.pdf
2026-07-24,Argentina,LATAM,Tier 2,2,Bet365,1010000,205330000,18.88,Tier2_Top15_24_07_Blask_iGamingNews.pdf
2026-07-24,Argentina,LATAM,Tier 2,3,Betsson,1220000,254040000,10.78,Tier2_Top15_24_07_Blask_iGamingNews.pdf
2026-07-24,Argentina,LATAM,Tier 2,4,BetWarrior,662510,150700000,5.78,Tier2_Top15_24_07_Blask_iGamingNews.pdf
2026-07-24,Argentina,LATAM,Tier 2,5,Bplay,554350,96230000,4.98,Tier2_Top15_24_07_Blask_iGamingNews.pdf
2026-07-24,Argentina,LATAM,Tier 2,6,1Bet,234090,74790000,2.89,Tier2_Top15_24_07_Blask_iGamingNews.pdf
2026-07-24,Argentina,LATAM,Tier 2,7,Stake,98760,18670000,2.55,Tier2_Top15_24_07_Blask_iGamingNews.pdf
2026-07-24,Argentina,LATAM,Tier 2,8,JugaBet,269550,59900000,2.34,Tier2_Top15_24_07_Blask_iGamingNews.pdf
2026-07-24,Argentina,LATAM,Tier 2,9,Pálpitos,189830,40560000,2.33,Tier2_Top15_24_07_Blask_iGamingNews.pdf
2026-07-24,Argentina,LATAM,Tier 2,10,1xBet,249730,77310000,2.19,Tier2_Top15_24_07_Blask_iGamingNews.pdf
2026-07-24,Argentina,LATAM,Tier 2,11,Casino Magic Online,328570,102750000,2.07,Tier2_Top15_24_07_Blask_iGamingNews.pdf
2026-07-24,Argentina,LATAM,Tier 2,12,Casino Club Online,126110,49920000,2.05,Tier2_Top15_24_07_Blask_iGamingNews.pdf
2026-07-24,Argentina,LATAM,Tier 2,13,1win,229510,61570000,1.79,Tier2_Top15_24_07_Blask_iGamingNews.pdf
2026-07-24,Argentina,LATAM,Tier 2,14,TucuApuestas,138090,24230000,1.65,Tier2_Top15_24_07_Blask_iGamingNews.pdf
2026-07-24,Argentina,LATAM,Tier 2,15,Ganamos,140020,38230000,1.01,Tier2_Top15_24_07_Blask_iGamingNews.pdf
2026-06-26,Argentina,LATAM,Tier 2,1,Betano,1600000,92050000,19.11,Tier2_Top15_26_06_Blask_iGamingNews.pdf
2026-06-26,Argentina,LATAM,Tier 2,2,Betsson,1400000,99280000,16.14,Tier2_Top15_26_06_Blask_iGamingNews.pdf
2026-06-26,Argentina,LATAM,Tier 2,3,Bet365,1290000,95470000,14.77,Tier2_Top15_26_06_Blask_iGamingNews.pdf
2026-06-26,Argentina,LATAM,Tier 2,4,BetWarrior,760580,57620000,8.46,Tier2_Top15_26_06_Blask_iGamingNews.pdf
2026-06-26,Argentina,LATAM,Tier 2,5,Bplay,547050,41010000,6.05,Tier2_Top15_26_06_Blask_iGamingNews.pdf
2026-06-26,Argentina,LATAM,Tier 2,6,Stake,372730,146900000,3.99,Tier2_Top15_26_06_Blask_iGamingNews.pdf
2026-06-26,Argentina,LATAM,Tier 2,7,Casino Magic Online,307220,24380000,3.23,Tier2_Top15_26_06_Blask_iGamingNews.pdf
2026-06-26,Argentina,LATAM,Tier 2,8,JugaBet,246150,79490000,2.64,Tier2_Top15_26_06_Blask_iGamingNews.pdf
2026-06-26,Argentina,LATAM,Tier 2,9,1Bet,237610,89630000,2.46,Tier2_Top15_26_06_Blask_iGamingNews.pdf
2026-06-26,Argentina,LATAM,Tier 2,10,City Center Online,242360,20180000,2.44,Tier2_Top15_26_06_Blask_iGamingNews.pdf
2026-06-26,Argentina,LATAM,Tier 2,11,1xBet,237760,104210000,2.39,Tier2_Top15_26_06_Blask_iGamingNews.pdf
2026-06-26,Argentina,LATAM,Tier 2,12,1win,212980,86130000,2.14,Tier2_Top15_26_06_Blask_iGamingNews.pdf
2026-06-26,Argentina,LATAM,Tier 2,13,Casino Club Online,212160,16370000,2.12,Tier2_Top15_26_06_Blask_iGamingNews.pdf
2026-06-26,Argentina,LATAM,Tier 2,14,Pálpitos,199810,90070000,1.97,Tier2_Top15_26_06_Blask_iGamingNews.pdf
2026-06-26,Argentina,LATAM,Tier 2,15,TucuApuestas,138450,8590000,1.31,Tier2_Top15_26_06_Blask_iGamingNews.pdf
2026-02-27,Argentina,LATAM,Tier 2,1,Betsson,899060,105550000,16.29,Tier2_Top15_27_02_Blask_iGamingNews.pdf
2026-02-27,Argentina,LATAM,Tier 2,2,Bet365,837640,104240000,15.16,Tier2_Top15_27_02_Blask_iGamingNews.pdf
2026-02-27,Argentina,LATAM,Tier 2,3,Betano,730060,69380000,13.68,Tier2_Top15_27_02_Blask_iGamingNews.pdf
2026-02-27,Argentina,LATAM,Tier 2,4,BetWarrior,546360,71280000,9.54,Tier2_Top15_27_02_Blask_iGamingNews.pdf
2026-02-27,Argentina,LATAM,Tier 2,5,Bplay,367990,45860000,6.37,Tier2_Top15_27_02_Blask_iGamingNews.pdf
2026-02-27,Argentina,LATAM,Tier 2,6,Stake,263650,132870000,4.53,Tier2_Top15_27_02_Blask_iGamingNews.pdf
2026-02-27,Argentina,LATAM,Tier 2,7,Casino Magic Online,218070,28510000,3.59,Tier2_Top15_27_02_Blask_iGamingNews.pdf
2026-02-27,Argentina,LATAM,Tier 2,8,City Center Online,186880,24730000,2.99,Tier2_Top15_27_02_Blask_iGamingNews.pdf
2026-02-27,Argentina,LATAM,Tier 2,9,1xBet,180850,103550000,2.94,Tier2_Top15_27_02_Blask_iGamingNews.pdf
2026-02-27,Argentina,LATAM,Tier 2,10,1Bet,157350,76480000,2.59,Tier2_Top15_27_02_Blask_iGamingNews.pdf
2026-02-27,Argentina,LATAM,Tier 2,11,Casino Club Online,150890,18640000,2.39,Tier2_Top15_27_02_Blask_iGamingNews.pdf
2026-02-27,Argentina,LATAM,Tier 2,12,Pálpitos,145370,88710000,2.26,Tier2_Top15_27_02_Blask_iGamingNews.pdf
2026-02-27,Argentina,LATAM,Tier 2,13,1win,144940,81820000,2.26,Tier2_Top15_27_02_Blask_iGamingNews.pdf
2026-02-27,Argentina,LATAM,Tier 2,14,JugaBet,127080,50530000,2.09,Tier2_Top15_27_02_Blask_iGamingNews.pdf
2026-02-27,Argentina,LATAM,Tier 2,15,GuazuBet,99600,13750000,1.41,Tier2_Top15_27_02_Blask_iGamingNews.pdf
2026-03-27,Argentina,LATAM,Tier 2,1,Betsson,928630,108830000,16.25,Tier2_Top15_27_03_Blask_iGamingNews.pdf
2026-03-27,Argentina,LATAM,Tier 2,2,Bet365,869550,106890000,15.22,Tier2_Top15_27_03_Blask_iGamingNews.pdf
2026-03-27,Argentina,LATAM,Tier 2,3,Betano,826220,78170000,14.97,Tier2_Top15_27_03_Blask_iGamingNews.pdf
2026-03-27,Argentina,LATAM,Tier 2,4,BetWarrior,544800,71460000,9.16,Tier2_Top15_27_03_Blask_iGamingNews.pdf
2026-03-27,Argentina,LATAM,Tier 2,5,Bplay,373920,46630000,6.25,Tier2_Top15_27_03_Blask_iGamingNews.pdf
2026-03-27,Argentina,LATAM,Tier 2,6,Stake,266490,137730000,4.39,Tier2_Top15_27_03_Blask_iGamingNews.pdf
2026-03-27,Argentina,LATAM,Tier 2,7,Casino Magic Online,220260,28730000,3.52,Tier2_Top15_27_03_Blask_iGamingNews.pdf
2026-03-27,Argentina,LATAM,Tier 2,8,City Center Online,185930,24740000,2.87,Tier2_Top15_27_03_Blask_iGamingNews.pdf
2026-03-27,Argentina,LATAM,Tier 2,9,1xBet,180050,104540000,2.8,Tier2_Top15_27_03_Blask_iGamingNews.pdf
2026-03-27,Argentina,LATAM,Tier 2,10,1Bet,160840,80270000,2.54,Tier2_Top15_27_03_Blask_iGamingNews.pdf
2026-03-27,Argentina,LATAM,Tier 2,11,Casino Club Online,152990,18990000,2.35,Tier2_Top15_27_03_Blask_iGamingNews.pdf
2026-03-27,Argentina,LATAM,Tier 2,12,JugaBet,140930,58030000,2.27,Tier2_Top15_27_03_Blask_iGamingNews.pdf
2026-03-27,Argentina,LATAM,Tier 2,13,1win,146070,82710000,2.19,Tier2_Top15_27_03_Blask_iGamingNews.pdf
2026-03-27,Argentina,LATAM,Tier 2,14,Pálpitos,145550,89300000,2.18,Tier2_Top15_27_03_Blask_iGamingNews.pdf
2026-03-27,Argentina,LATAM,Tier 2,15,GuazuBet,99730,13730000,1.37,Tier2_Top15_27_03_Blask_iGamingNews.pdf
2026-08-28,Argentina,LATAM,Tier 2,1,Betano,1550000,240280000,24.89,Tier2_Top15_28_08_Blask_iGamingNews.pdf
2026-08-28,Argentina,LATAM,Tier 2,2,Betsson,1220000,260100000,17.46,Tier2_Top15_28_08_Blask_iGamingNews.pdf
2026-08-28,Argentina,LATAM,Tier 2,3,Bet365,1020000,208780000,14.72,Tier2_Top15_28_08_Blask_iGamingNews.pdf
2026-08-28,Argentina,LATAM,Tier 2,4,BetWarrior,662550,152660000,8.65,Tier2_Top15_28_08_Blask_iGamingNews.pdf
2026-08-28,Argentina,LATAM,Tier 2,5,Bplay,553730,97290000,6.61,Tier2_Top15_28_08_Blask_iGamingNews.pdf
2026-08-28,Argentina,LATAM,Tier 2,6,Casino Magic Online,324150,102510000,2.99,Tier2_Top15_28_08_Blask_iGamingNews.pdf
2026-08-28,Argentina,LATAM,Tier 2,7,JugaBet,280110,64090000,2.89,Tier2_Top15_28_08_Blask_iGamingNews.pdf
2026-08-28,Argentina,LATAM,Tier 2,8,1win,233090,62970000,2.25,Tier2_Top15_28_08_Blask_iGamingNews.pdf
2026-08-28,Argentina,LATAM,Tier 2,9,1xBet,239310,76150000,2.23,Tier2_Top15_28_08_Blask_iGamingNews.pdf
2026-08-28,Argentina,LATAM,Tier 2,10,1Bet,222050,72680000,2.06,Tier2_Top15_28_08_Blask_iGamingNews.pdf
2026-08-28,Argentina,LATAM,Tier 2,11,Pálpitos,193050,41110000,1.78,Tier2_Top15_28_08_Blask_iGamingNews.pdf
2026-08-28,Argentina,LATAM,Tier 2,12,Ganamos,145020,39050000,1.34,Tier2_Top15_28_08_Blask_iGamingNews.pdf
2026-08-28,Argentina,LATAM,Tier 2,13,GuazuBet,138230,5650000,1.28,Tier2_Top15_28_08_Blask_iGamingNews.pdf
2026-08-28,Argentina,LATAM,Tier 2,14,TucuApuestas,137430,24960000,1.27,Tier2_Top15_28_08_Blask_iGamingNews.pdf
2026-08-28,Argentina,LATAM,Tier 2,15,Stake,94040,18360000,1.13,Tier2_Top15_28_08_Blask_iGamingNews.pdf
2026-05-29,Argentina,LATAM,Tier 2,1,Betano,1040000,98590000,17.81,Tier2_Top15_29_05_Blask_iGamingNews.pdf
2026-05-29,Argentina,LATAM,Tier 2,2,Betsson,979080,115310000,16.15,Tier2_Top15_29_05_Blask_iGamingNews.pdf
2026-05-29,Argentina,LATAM,Tier 2,3,Bet365,911940,111970000,15.03,Tier2_Top15_29_05_Blask_iGamingNews.pdf
2026-05-29,Argentina,LATAM,Tier 2,4,BetWarrior,542860,71760000,8.63,Tier2_Top15_29_05_Blask_iGamingNews.pdf
2026-05-29,Argentina,LATAM,Tier 2,5,Bplay,384490,48170000,6.08,Tier2_Top15_29_05_Blask_iGamingNews.pdf
2026-05-29,Argentina,LATAM,Tier 2,6,Stake,268310,144830000,4.13,Tier2_Top15_29_05_Blask_iGamingNews.pdf
2026-05-29,Argentina,LATAM,Tier 2,7,Casino Magic Online,220950,29060000,3.33,Tier2_Top15_29_05_Blask_iGamingNews.pdf
2026-05-29,Argentina,LATAM,Tier 2,8,City Center Online,178140,24410000,2.58,Tier2_Top15_29_05_Blask_iGamingNews.pdf
2026-05-29,Argentina,LATAM,Tier 2,9,JugaBet,165690,72670000,2.54,Tier2_Top15_29_05_Blask_iGamingNews.pdf
2026-05-29,Argentina,LATAM,Tier 2,10,1xBet,172420,104510000,2.49,Tier2_Top15_29_05_Blask_iGamingNews.pdf
2026-05-29,Argentina,LATAM,Tier 2,11,1Bet,165480,86480000,2.45,Tier2_Top15_29_05_Blask_iGamingNews.pdf
2026-05-29,Argentina,LATAM,Tier 2,12,Casino Club Online,152460,19440000,2.19,Tier2_Top15_29_05_Blask_iGamingNews.pdf
2026-05-29,Argentina,LATAM,Tier 2,13,1win,150010,84940000,2.14,Tier2_Top15_29_05_Blask_iGamingNews.pdf
2026-05-29,Argentina,LATAM,Tier 2,14,Pálpitos,145750,90310000,2.07,Tier2_Top15_29_05_Blask_iGamingNews.pdf
2026-05-29,Argentina,LATAM,Tier 2,15,TucuApuestas,97010,7610000,1.32,Tier2_Top15_29_05_Blask_iGamingNews.pdf
2026-03-07,Uganda,WEST AFRICA,Tier 3,1,betPawa,5390000,78770000,68.27,Tier3_Top15_07_03(2)_Blask_iGamingNews.pdf
2026-03-07,Uganda,WEST AFRICA,Tier 3,2,Fortebet,1710000,25940000,21.25,Tier3_Top15_07_03(2)_Blask_iGamingNews.pdf
2026-03-07,Uganda,WEST AFRICA,Tier 3,3,Betika,310170,3370000,3.75,Tier3_Top15_07_03(2)_Blask_iGamingNews.pdf
2026-03-07,Uganda,WEST AFRICA,Tier 3,4,AbaBet,215090,4010000,2.45,Tier3_Top15_07_03(2)_Blask_iGamingNews.pdf
2026-03-07,Uganda,WEST AFRICA,Tier 3,5,BongoBongo,99060,1610000,0.98,Tier3_Top15_07_03(2)_Blask_iGamingNews.pdf
2026-03-07,Uganda,WEST AFRICA,Tier 3,6,Gal Sport Betting,80630,1220000,0.76,Tier3_Top15_07_03(2)_Blask_iGamingNews.pdf
2026-03-07,Uganda,WEST AFRICA,Tier 3,7,Champion Bet,74340,1030000,0.69,Tier3_Top15_07_03(2)_Blask_iGamingNews.pdf
2026-03-07,Uganda,WEST AFRICA,Tier 3,8,World Sport Betting,43200,692220,0.29,Tier3_Top15_07_03(2)_Blask_iGamingNews.pdf
2026-03-07,Uganda,WEST AFRICA,Tier 3,9,Kagwirawo,39030,528920,0.28,Tier3_Top15_07_03(2)_Blask_iGamingNews.pdf
2026-03-07,Uganda,WEST AFRICA,Tier 3,10,22bet,36990,526610,0.24,Tier3_Top15_07_03(2)_Blask_iGamingNews.pdf
2026-03-07,Uganda,WEST AFRICA,Tier 3,11,SemaBet,28310,492360,0.19,Tier3_Top15_07_03(2)_Blask_iGamingNews.pdf
2026-03-07,Uganda,WEST AFRICA,Tier 3,12,1xBet,28590,429390,0.19,Tier3_Top15_07_03(2)_Blask_iGamingNews.pdf
2026-03-07,Uganda,WEST AFRICA,Tier 3,13,Premier Bet,18950,283520,0.12,Tier3_Top15_07_03(2)_Blask_iGamingNews.pdf
2026-03-07,Uganda,WEST AFRICA,Tier 3,14,SportyBet,18030,477260,0.12,Tier3_Top15_07_03(2)_Blask_iGamingNews.pdf
2026-03-07,Uganda,WEST AFRICA,Tier 3,15,SlotsUG,9930,143600,0.07,Tier3_Top15_07_03(2)_Blask_iGamingNews.pdf
2026-03-07,Colombia,LATAM,Tier 3,1,BetPlay,2710000,133010000,58.15,Tier3_Top15_07_03(2)_Blask_iGamingNews.pdf
2026-03-07,Colombia,LATAM,Tier 3,2,Rushbet,848690,74690000,18.31,Tier3_Top15_07_03(2)_Blask_iGamingNews.pdf
2026-03-07,Colombia,LATAM,Tier 3,3,Wplay,578780,67140000,12.19,Tier3_Top15_07_03(2)_Blask_iGamingNews.pdf
2026-03-07,Colombia,LATAM,Tier 3,4,YaJuego,127500,40680000,2.33,Tier3_Top15_07_03(2)_Blask_iGamingNews.pdf
2026-03-07,Colombia,LATAM,Tier 3,5,Betsson,90510,32490000,1.52,Tier3_Top15_07_03(2)_Blask_iGamingNews.pdf
2026-03-07,Colombia,LATAM,Tier 3,6,Stake,73680,23200000,1.15,Tier3_Top15_07_03(2)_Blask_iGamingNews.pdf
2026-03-07,Colombia,LATAM,Tier 3,7,Betano,61310,11640000,0.95,Tier3_Top15_07_03(2)_Blask_iGamingNews.pdf
2026-03-07,Colombia,LATAM,Tier 3,8,bwin,62220,15120000,0.91,Tier3_Top15_07_03(2)_Blask_iGamingNews.pdf
2026-03-07,Colombia,LATAM,Tier 3,9,Sportium,62210,33900000,0.88,Tier3_Top15_07_03(2)_Blask_iGamingNews.pdf
2026-03-07,Colombia,LATAM,Tier 3,10,Luckia,60310,12610000,0.84,Tier3_Top15_07_03(2)_Blask_iGamingNews.pdf
2026-03-07,Colombia,LATAM,Tier 3,11,Codere,55520,17540000,0.75,Tier3_Top15_07_03(2)_Blask_iGamingNews.pdf
2026-03-07,Colombia,LATAM,Tier 3,12,1win,52500,2720000,0.71,Tier3_Top15_07_03(2)_Blask_iGamingNews.pdf
2026-03-07,Colombia,LATAM,Tier 3,13,Rivalo,27550,6720000,0.33,Tier3_Top15_07_03(2)_Blask_iGamingNews.pdf
2026-03-07,Colombia,LATAM,Tier 3,14,1xBet,24970,1400000,0.29,Tier3_Top15_07_03(2)_Blask_iGamingNews.pdf
2026-03-07,Colombia,LATAM,Tier 3,15,Zamba,21580,6030000,0.26,Tier3_Top15_07_03(2)_Blask_iGamingNews.pdf
2026-03-07,Ghana,WEST AFRICA,Tier 3,1,SportyBet,1630000,20230000,51.43,Tier3_Top15_07_03(2)_Blask_iGamingNews.pdf
2026-03-07,Ghana,WEST AFRICA,Tier 3,2,Betway,757830,12610000,23.51,Tier3_Top15_07_03(2)_Blask_iGamingNews.pdf
2026-03-07,Ghana,WEST AFRICA,Tier 3,3,betPawa,189180,3170000,5.32,Tier3_Top15_07_03(2)_Blask_iGamingNews.pdf
2026-03-07,Ghana,WEST AFRICA,Tier 3,4,MSport,176940,2260000,5.0,Tier3_Top15_07_03(2)_Blask_iGamingNews.pdf
2026-03-07,Ghana,WEST AFRICA,Tier 3,5,SoccaBet,141960,2340000,3.86,Tier3_Top15_07_03(2)_Blask_iGamingNews.pdf
2026-03-07,Ghana,WEST AFRICA,Tier 3,6,LuckyWin,113790,1220000,2.97,Tier3_Top15_07_03(2)_Blask_iGamingNews.pdf
2026-03-07,Ghana,WEST AFRICA,Tier 3,7,Football.com,77690,707750,1.91,Tier3_Top15_07_03(2)_Blask_iGamingNews.pdf
2026-03-07,Ghana,WEST AFRICA,Tier 3,8,Bangbet,43640,515100,0.84,Tier3_Top15_07_03(2)_Blask_iGamingNews.pdf
2026-03-07,Ghana,WEST AFRICA,Tier 3,9,1xBet,34860,526140,0.65,Tier3_Top15_07_03(2)_Blask_iGamingNews.pdf
2026-03-07,Ghana,WEST AFRICA,Tier 3,10,1win,33800,354430,0.63,Tier3_Top15_07_03(2)_Blask_iGamingNews.pdf
2026-03-07,Ghana,WEST AFRICA,Tier 3,11,PrideSpins,32240,280610,0.6,Tier3_Top15_07_03(2)_Blask_iGamingNews.pdf
2026-03-07,Ghana,WEST AFRICA,Tier 3,12,iLOT Bet,28200,263870,0.53,Tier3_Top15_07_03(2)_Blask_iGamingNews.pdf
2026-03-07,Ghana,WEST AFRICA,Tier 3,13,Betika,26900,318840,0.5,Tier3_Top15_07_03(2)_Blask_iGamingNews.pdf
2026-03-07,Ghana,WEST AFRICA,Tier 3,14,BetFox,19840,244540,0.37,Tier3_Top15_07_03(2)_Blask_iGamingNews.pdf
2026-03-07,Ghana,WEST AFRICA,Tier 3,15,WinwinGame,15060,142070,0.28,Tier3_Top15_07_03(2)_Blask_iGamingNews.pdf
2026-03-07,India,INDIA,Tier 3,1,Stake,1870000,550190000,10.67,Tier3_Top15_07_03_Blask_iGamingNews.pdf
2026-03-07,India,INDIA,Tier 3,2,4RABET,1830000,449660000,10.53,Tier3_Top15_07_03_Blask_iGamingNews.pdf
2026-03-07,India,INDIA,Tier 3,3,Dafabet,1540000,471300000,8.83,Tier3_Top15_07_03_Blask_iGamingNews.pdf
2026-03-07,India,INDIA,Tier 3,4,Winmatch,1530000,374490000,8.73,Tier3_Top15_07_03_Blask_iGamingNews.pdf
2026-03-07,India,INDIA,Tier 3,5,Parimatch,1320000,369960000,7.56,Tier3_Top15_07_03_Blask_iGamingNews.pdf
2026-03-07,India,INDIA,Tier 3,6,Khelo24bet,1040000,274190000,5.85,Tier3_Top15_07_03_Blask_iGamingNews.pdf
2026-03-07,India,INDIA,Tier 3,7,Skyexch,727980,146560000,4.17,Tier3_Top15_07_03_Blask_iGamingNews.pdf
2026-03-07,India,INDIA,Tier 3,8,1Bet,714130,176840000,4.04,Tier3_Top15_07_03_Blask_iGamingNews.pdf
2026-03-07,India,INDIA,Tier 3,9,1xBet,680080,185510000,3.82,Tier3_Top15_07_03_Blask_iGamingNews.pdf
2026-03-07,India,INDIA,Tier 3,10,BC.Game,431670,122120000,2.36,Tier3_Top15_07_03_Blask_iGamingNews.pdf
2026-03-07,India,INDIA,Tier 3,11,Winexch,341000,77720000,1.86,Tier3_Top15_07_03_Blask_iGamingNews.pdf
2026-03-07,India,INDIA,Tier 3,12,IPLwin,337600,87770000,1.84,Tier3_Top15_07_03_Blask_iGamingNews.pdf
2026-03-07,India,INDIA,Tier 3,13,Batery,333480,88930000,1.81,Tier3_Top15_07_03_Blask_iGamingNews.pdf
2026-03-07,India,INDIA,Tier 3,14,1win,324420,83500000,1.76,Tier3_Top15_07_03_Blask_iGamingNews.pdf
2026-03-07,India,INDIA,Tier 3,15,Play In Exchange,300970,68730000,1.63,Tier3_Top15_07_03_Blask_iGamingNews.pdf
2026-03-07,Mexico,LATAM,Tier 3,1,Caliente,906120,360180000,30.85,Tier3_Top15_07_03_Blask_iGamingNews.pdf
2026-03-07,Mexico,LATAM,Tier 3,2,BetMexico,319810,111480000,10.36,Tier3_Top15_07_03_Blask_iGamingNews.pdf
2026-03-07,Mexico,LATAM,Tier 3,3,Bet365,222330,105700000,6.72,Tier3_Top15_07_03_Blask_iGamingNews.pdf
2026-03-07,Mexico,LATAM,Tier 3,4,Codere,201410,134330000,6.24,Tier3_Top15_07_03_Blask_iGamingNews.pdf
2026-03-07,Mexico,LATAM,Tier 3,5,Playdoit,157010,63090000,4.8,Tier3_Top15_07_03_Blask_iGamingNews.pdf
2026-03-07,Mexico,LATAM,Tier 3,6,Betmaster,118460,38660000,3.42,Tier3_Top15_07_03_Blask_iGamingNews.pdf
2026-03-07,Mexico,LATAM,Tier 3,7,AFun (MX),103320,29350000,3.11,Tier3_Top15_07_03_Blask_iGamingNews.pdf
2026-03-07,Mexico,LATAM,Tier 3,8,Rushbet,109230,38290000,3.09,Tier3_Top15_07_03_Blask_iGamingNews.pdf
2026-03-07,Mexico,LATAM,Tier 3,9,Betano,98530,34180000,2.81,Tier3_Top15_07_03_Blask_iGamingNews.pdf
2026-03-07,Mexico,LATAM,Tier 3,10,Brazino777,94080,29870000,2.64,Tier3_Top15_07_03_Blask_iGamingNews.pdf
2026-03-07,Mexico,LATAM,Tier 3,11,Novibet,89710,30130000,2.48,Tier3_Top15_07_03_Blask_iGamingNews.pdf
2026-03-07,Mexico,LATAM,Tier 3,12,Winpot,89440,32850000,2.37,Tier3_Top15_07_03_Blask_iGamingNews.pdf
2026-03-07,Mexico,LATAM,Tier 3,13,Betway,68500,27060000,1.65,Tier3_Top15_07_03_Blask_iGamingNews.pdf
2026-03-07,Mexico,LATAM,Tier 3,14,Sportium,68170,23990000,1.63,Tier3_Top15_07_03_Blask_iGamingNews.pdf
2026-03-07,Mexico,LATAM,Tier 3,15,BetVip,63420,19080000,1.59,Tier3_Top15_07_03_Blask_iGamingNews.pdf
2026-03-07,Chile,LATAM,Tier 3,1,Betano,1420000,445820000,48.72,Tier3_Top15_07_03_Blask_iGamingNews.pdf
2026-03-07,Chile,LATAM,Tier 3,2,JugaBet,316670,83470000,10.83,Tier3_Top15_07_03_Blask_iGamingNews.pdf
2026-03-07,Chile,LATAM,Tier 3,3,Coolbet,248840,91880000,7.79,Tier3_Top15_07_03_Blask_iGamingNews.pdf
2026-03-07,Chile,LATAM,Tier 3,4,Betsson,131590,48000000,3.84,Tier3_Top15_07_03_Blask_iGamingNews.pdf
2026-03-07,Chile,LATAM,Tier 3,5,Novibet,111880,34990000,3.15,Tier3_Top15_07_03_Blask_iGamingNews.pdf
2026-03-07,Chile,LATAM,Tier 3,6,WinChile,99680,34960000,2.65,Tier3_Top15_07_03_Blask_iGamingNews.pdf
2026-03-07,Chile,LATAM,Tier 3,7,1win,96850,28890000,2.64,Tier3_Top15_07_03_Blask_iGamingNews.pdf
2026-03-07,Chile,LATAM,Tier 3,8,Rojabet,79760,31010000,1.96,Tier3_Top15_07_03_Blask_iGamingNews.pdf
2026-03-07,Chile,LATAM,Tier 3,9,Micasino,75610,29750000,1.76,Tier3_Top15_07_03_Blask_iGamingNews.pdf
2026-03-07,Chile,LATAM,Tier 3,10,Stake,58160,16220000,1.33,Tier3_Top15_07_03_Blask_iGamingNews.pdf
2026-03-07,Chile,LATAM,Tier 3,11,1xBet,56140,20700000,1.23,Tier3_Top15_07_03_Blask_iGamingNews.pdf
2026-03-07,Chile,LATAM,Tier 3,12,Epicbet,51870,13300000,1.22,Tier3_Top15_07_03_Blask_iGamingNews.pdf
2026-03-07,Chile,LATAM,Tier 3,13,Casino en Chile,54260,18180000,1.18,Tier3_Top15_07_03_Blask_iGamingNews.pdf
2026-03-07,Chile,LATAM,Tier 3,14,Pin Up,44730,12050000,0.99,Tier3_Top15_07_03_Blask_iGamingNews.pdf
2026-03-07,Chile,LATAM,Tier 3,15,Betsala,41400,13630000,0.86,Tier3_Top15_07_03_Blask_iGamingNews.pdf
2026-03-07,Nigeria,WEST AFRICA,Tier 3,1,Bet9ja,4650000,273830000,37.41,Tier3_Top15_07_03_Blask_iGamingNews.pdf
2026-03-07,Nigeria,WEST AFRICA,Tier 3,2,SportyBet,4430000,213100000,35.76,Tier3_Top15_07_03_Blask_iGamingNews.pdf
2026-03-07,Nigeria,WEST AFRICA,Tier 3,3,BetKing,1620000,71800000,13.11,Tier3_Top15_07_03_Blask_iGamingNews.pdf
2026-03-07,Nigeria,WEST AFRICA,Tier 3,4,MSport,645050,34530000,5.02,Tier3_Top15_07_03_Blask_iGamingNews.pdf
2026-03-07,Nigeria,WEST AFRICA,Tier 3,5,betPawa,192660,16760000,1.37,Tier3_Top15_07_03_Blask_iGamingNews.pdf
2026-03-07,Nigeria,WEST AFRICA,Tier 3,6,Football.com,152010,6540000,1.07,Tier3_Top15_07_03_Blask_iGamingNews.pdf
2026-03-07,Nigeria,WEST AFRICA,Tier 3,7,iLOT Bet,139370,7040000,0.95,Tier3_Top15_07_03_Blask_iGamingNews.pdf
2026-03-07,Nigeria,WEST AFRICA,Tier 3,8,1xBet,124610,8130000,0.83,Tier3_Top15_07_03_Blask_iGamingNews.pdf
2026-03-07,Nigeria,WEST AFRICA,Tier 3,9,Betway,110730,7260000,0.72,Tier3_Top15_07_03_Blask_iGamingNews.pdf
2026-03-07,Nigeria,WEST AFRICA,Tier 3,10,Betano,108300,5740000,0.69,Tier3_Top15_07_03_Blask_iGamingNews.pdf
2026-03-07,Nigeria,WEST AFRICA,Tier 3,11,Bangbet,92250,5080000,0.57,Tier3_Top15_07_03_Blask_iGamingNews.pdf
2026-03-07,Nigeria,WEST AFRICA,Tier 3,12,BC.Game,64100,3340000,0.34,Tier3_Top15_07_03_Blask_iGamingNews.pdf
2026-03-07,Nigeria,WEST AFRICA,Tier 3,13,Stake,53290,2470000,0.26,Tier3_Top15_07_03_Blask_iGamingNews.pdf
2026-03-07,Nigeria,WEST AFRICA,Tier 3,14,Easywin,48280,2020000,0.24,Tier3_Top15_07_03_Blask_iGamingNews.pdf
2026-03-07,Nigeria,WEST AFRICA,Tier 3,15,1win,37870,1590000,0.17,Tier3_Top15_07_03_Blask_iGamingNews.pdf
2026-05-08,India,INDIA,Tier 3,1,4RABET,1720000,450770000,10.73,Tier3_Top15_08_05(P1)_Blask_iGamingNews.pdf
2026-05-08,India,INDIA,Tier 3,2,Dafabet,1480000,466240000,9.23,Tier3_Top15_08_05(P1)_Blask_iGamingNews.pdf
2026-05-08,India,INDIA,Tier 3,3,Winmatch,1440000,369830000,8.92,Tier3_Top15_08_05(P1)_Blask_iGamingNews.pdf
2026-05-08,India,INDIA,Tier 3,4,Parimatch,1410000,376250000,8.85,Tier3_Top15_08_05(P1)_Blask_iGamingNews.pdf
2026-05-08,India,INDIA,Tier 3,5,Stake,1270000,457620000,7.78,Tier3_Top15_08_05(P1)_Blask_iGamingNews.pdf
2026-05-08,India,INDIA,Tier 3,6,Khelo24bet,797570,245230000,4.83,Tier3_Top15_08_05(P1)_Blask_iGamingNews.pdf
2026-05-08,India,INDIA,Tier 3,7,Skyexch,674310,160830000,4.2,Tier3_Top15_08_05(P1)_Blask_iGamingNews.pdf
2026-05-08,India,INDIA,Tier 3,8,1Bet,651460,174830000,3.99,Tier3_Top15_08_05(P1)_Blask_iGamingNews.pdf
2026-05-08,India,INDIA,Tier 3,9,1xBet,608170,178580000,3.69,Tier3_Top15_08_05(P1)_Blask_iGamingNews.pdf
2026-05-08,India,INDIA,Tier 3,10,BC.Game,378880,113710000,2.24,Tier3_Top15_08_05(P1)_Blask_iGamingNews.pdf
2026-05-08,India,INDIA,Tier 3,11,IPLwin,353030,91120000,2.11,Tier3_Top15_08_05(P1)_Blask_iGamingNews.pdf
2026-05-08,India,INDIA,Tier 3,12,1win,336260,86020000,1.99,Tier3_Top15_08_05(P1)_Blask_iGamingNews.pdf
2026-05-08,India,INDIA,Tier 3,13,Batery,327900,88980000,1.94,Tier3_Top15_08_05(P1)_Blask_iGamingNews.pdf
2026-05-08,India,INDIA,Tier 3,14,Play In Exchange,311970,73060000,1.85,Tier3_Top15_08_05(P1)_Blask_iGamingNews.pdf
2026-05-08,India,INDIA,Tier 3,15,Winexch,308700,77500000,1.82,Tier3_Top15_08_05(P1)_Blask_iGamingNews.pdf
2026-05-08,Mexico,LATAM,Tier 3,1,Caliente,885470,915590000,28.69,Tier3_Top15_08_05(P1)_Blask_iGamingNews.pdf
2026-05-08,Mexico,LATAM,Tier 3,2,BetMexico,333210,81400000,10.41,Tier3_Top15_08_05(P1)_Blask_iGamingNews.pdf
2026-05-08,Mexico,LATAM,Tier 3,3,Codere,200740,142700000,5.91,Tier3_Top15_08_05(P1)_Blask_iGamingNews.pdf
2026-05-08,Mexico,LATAM,Tier 3,4,Bet365,192960,145680000,5.33,Tier3_Top15_08_05(P1)_Blask_iGamingNews.pdf
2026-05-08,Mexico,LATAM,Tier 3,5,Playdoit,164920,85740000,4.87,Tier3_Top15_08_05(P1)_Blask_iGamingNews.pdf
2026-05-08,Mexico,LATAM,Tier 3,6,AFun (MX),119640,20860000,3.53,Tier3_Top15_08_05(P1)_Blask_iGamingNews.pdf
2026-05-08,Mexico,LATAM,Tier 3,7,Betmaster,120860,30220000,3.34,Tier3_Top15_08_05(P1)_Blask_iGamingNews.pdf
2026-05-08,Mexico,LATAM,Tier 3,8,Rushbet,110820,33890000,3.01,Tier3_Top15_08_05(P1)_Blask_iGamingNews.pdf
2026-05-08,Mexico,LATAM,Tier 3,9,Novibet,96580,44510000,2.61,Tier3_Top15_08_05(P1)_Blask_iGamingNews.pdf
2026-05-08,Mexico,LATAM,Tier 3,10,Brazino777,97120,24850000,2.6,Tier3_Top15_08_05(P1)_Blask_iGamingNews.pdf
2026-05-08,Mexico,LATAM,Tier 3,11,Winpot,91090,31820000,2.33,Tier3_Top15_08_05(P1)_Blask_iGamingNews.pdf
2026-05-08,Mexico,LATAM,Tier 3,12,MexBoss,90710,15600000,2.31,Tier3_Top15_08_05(P1)_Blask_iGamingNews.pdf
2026-05-08,Mexico,LATAM,Tier 3,13,Betano,75090,36080000,2.04,Tier3_Top15_08_05(P1)_Blask_iGamingNews.pdf
2026-05-08,Mexico,LATAM,Tier 3,14,BetVip,68200,17050000,1.64,Tier3_Top15_08_05(P1)_Blask_iGamingNews.pdf
2026-05-08,Mexico,LATAM,Tier 3,15,Betway,68860,27520000,1.59,Tier3_Top15_08_05(P1)_Blask_iGamingNews.pdf
2026-05-08,Chile,LATAM,Tier 3,1,Betano,1490000,466720000,49.16,Tier3_Top15_08_05(P1)_Blask_iGamingNews.pdf
2026-05-08,Chile,LATAM,Tier 3,2,JugaBet,351770,94930000,11.57,Tier3_Top15_08_05(P1)_Blask_iGamingNews.pdf
2026-05-08,Chile,LATAM,Tier 3,3,Coolbet,250030,89350000,7.54,Tier3_Top15_08_05(P1)_Blask_iGamingNews.pdf
2026-05-08,Chile,LATAM,Tier 3,4,Betsson,134670,47170000,3.79,Tier3_Top15_08_05(P1)_Blask_iGamingNews.pdf
2026-05-08,Chile,LATAM,Tier 3,5,Novibet,113900,36010000,3.09,Tier3_Top15_08_05(P1)_Blask_iGamingNews.pdf
2026-05-08,Chile,LATAM,Tier 3,6,1win,100720,30360000,2.69,Tier3_Top15_08_05(P1)_Blask_iGamingNews.pdf
2026-05-08,Chile,LATAM,Tier 3,7,WinChile,98970,34180000,2.53,Tier3_Top15_08_05(P1)_Blask_iGamingNews.pdf
2026-05-08,Chile,LATAM,Tier 3,8,Rojabet,79410,29860000,1.89,Tier3_Top15_08_05(P1)_Blask_iGamingNews.pdf
2026-05-08,Chile,LATAM,Tier 3,9,Micasino,71110,28400000,1.57,Tier3_Top15_08_05(P1)_Blask_iGamingNews.pdf
2026-05-08,Chile,LATAM,Tier 3,10,Stake,60390,17390000,1.33,Tier3_Top15_08_05(P1)_Blask_iGamingNews.pdf
2026-05-08,Chile,LATAM,Tier 3,11,Epicbet,57000,15190000,1.29,Tier3_Top15_08_05(P1)_Blask_iGamingNews.pdf
2026-05-08,Chile,LATAM,Tier 3,12,Casino en Chile,54390,17910000,1.13,Tier3_Top15_08_05(P1)_Blask_iGamingNews.pdf
2026-05-08,Chile,LATAM,Tier 3,13,1xBet,53320,19480000,1.09,Tier3_Top15_08_05(P1)_Blask_iGamingNews.pdf
2026-05-08,Chile,LATAM,Tier 3,14,Pin Up,49560,13450000,1.07,Tier3_Top15_08_05(P1)_Blask_iGamingNews.pdf
2026-05-08,Chile,LATAM,Tier 3,15,Betsala,38640,13460000,0.77,Tier3_Top15_08_05(P1)_Blask_iGamingNews.pdf
2026-05-08,Nigeria,WEST AFRICA,Tier 3,1,SportyBet,4790000,232570000,37.27,Tier3_Top15_08_05(P1)_Blask_iGamingNews.pdf
2026-05-08,Nigeria,WEST AFRICA,Tier 3,2,Bet9ja,4590000,282900000,35.52,Tier3_Top15_08_05(P1)_Blask_iGamingNews.pdf
2026-05-08,Nigeria,WEST AFRICA,Tier 3,3,BetKing,1730000,81040000,13.41,Tier3_Top15_08_05(P1)_Blask_iGamingNews.pdf
2026-05-08,Nigeria,WEST AFRICA,Tier 3,4,MSport,664130,35910000,4.99,Tier3_Top15_08_05(P1)_Blask_iGamingNews.pdf
2026-05-08,Nigeria,WEST AFRICA,Tier 3,5,betPawa,200020,16990000,1.39,Tier3_Top15_08_05(P1)_Blask_iGamingNews.pdf
2026-05-08,Nigeria,WEST AFRICA,Tier 3,6,Football.com,173750,7610000,1.2,Tier3_Top15_08_05(P1)_Blask_iGamingNews.pdf
2026-05-08,Nigeria,WEST AFRICA,Tier 3,7,iLOT Bet,149330,7470000,0.99,Tier3_Top15_08_05(P1)_Blask_iGamingNews.pdf
2026-05-08,Nigeria,WEST AFRICA,Tier 3,8,1xBet,123220,8150000,0.79,Tier3_Top15_08_05(P1)_Blask_iGamingNews.pdf
2026-05-08,Nigeria,WEST AFRICA,Tier 3,9,Betway,111520,7330000,0.69,Tier3_Top15_08_05(P1)_Blask_iGamingNews.pdf
2026-05-08,Nigeria,WEST AFRICA,Tier 3,10,Betano,107750,5760000,0.67,Tier3_Top15_08_05(P1)_Blask_iGamingNews.pdf
2026-05-08,Nigeria,WEST AFRICA,Tier 3,11,Bangbet,97140,5300000,0.59,Tier3_Top15_08_05(P1)_Blask_iGamingNews.pdf
2026-05-08,Nigeria,WEST AFRICA,Tier 3,12,BC.Game,63770,3380000,0.33,Tier3_Top15_08_05(P1)_Blask_iGamingNews.pdf
2026-05-08,Nigeria,WEST AFRICA,Tier 3,13,Easywin,57390,2420000,0.29,Tier3_Top15_08_05(P1)_Blask_iGamingNews.pdf
2026-05-08,Nigeria,WEST AFRICA,Tier 3,14,Stake,54100,2630000,0.26,Tier3_Top15_08_05(P1)_Blask_iGamingNews.pdf
2026-05-08,Nigeria,WEST AFRICA,Tier 3,15,1win,43080,1850000,0.18,Tier3_Top15_08_05(P1)_Blask_iGamingNews.pdf
2026-05-08,Uganda,WEST AFRICA,Tier 3,1,betPawa,5460000,79910000,68.59,Tier3_Top15_08_05(P2)_Blask_iGamingNews.pdf
2026-05-08,Uganda,WEST AFRICA,Tier 3,2,Fortebet,1670000,25630000,20.59,Tier3_Top15_08_05(P2)_Blask_iGamingNews.pdf
2026-05-08,Uganda,WEST AFRICA,Tier 3,3,Betika,336000,3810000,4.03,Tier3_Top15_08_05(P2)_Blask_iGamingNews.pdf
2026-05-08,Uganda,WEST AFRICA,Tier 3,4,AbaBet,213670,3970000,2.42,Tier3_Top15_08_05(P2)_Blask_iGamingNews.pdf
2026-05-08,Uganda,WEST AFRICA,Tier 3,5,BongoBongo,94290,1570000,0.91,Tier3_Top15_08_05(P2)_Blask_iGamingNews.pdf
2026-05-08,Uganda,WEST AFRICA,Tier 3,6,Gal Sport Betting,81780,1240000,0.77,Tier3_Top15_08_05(P2)_Blask_iGamingNews.pdf
2026-05-08,Uganda,WEST AFRICA,Tier 3,7,Champion Bet,77600,1090000,0.72,Tier3_Top15_08_05(P2)_Blask_iGamingNews.pdf
2026-05-08,Uganda,WEST AFRICA,Tier 3,8,World Star Betting,58640,1220000,0.47,Tier3_Top15_08_05(P2)_Blask_iGamingNews.pdf
2026-05-08,Uganda,WEST AFRICA,Tier 3,9,Kagwirawo,41090,555820,0.29,Tier3_Top15_08_05(P2)_Blask_iGamingNews.pdf
2026-05-08,Uganda,WEST AFRICA,Tier 3,10,22bet,36170,514590,0.24,Tier3_Top15_08_05(P2)_Blask_iGamingNews.pdf
2026-05-08,Uganda,WEST AFRICA,Tier 3,11,1xBet,28120,439140,0.18,Tier3_Top15_08_05(P2)_Blask_iGamingNews.pdf
2026-05-08,Uganda,WEST AFRICA,Tier 3,12,SemaBet,21860,415260,0.14,Tier3_Top15_08_05(P2)_Blask_iGamingNews.pdf
2026-05-08,Uganda,WEST AFRICA,Tier 3,13,Premier Bet,19000,291250,0.12,Tier3_Top15_08_05(P2)_Blask_iGamingNews.pdf
2026-05-08,Uganda,WEST AFRICA,Tier 3,14,SportyBet,18510,470240,0.12,Tier3_Top15_08_05(P2)_Blask_iGamingNews.pdf
2026-05-08,Uganda,WEST AFRICA,Tier 3,15,SlotsUG,10320,148400,0.07,Tier3_Top15_08_05(P2)_Blask_iGamingNews.pdf
2026-05-08,Colombia,LATAM,Tier 3,1,BetPlay,2690000,260350000,57.43,Tier3_Top15_08_05(P2)_Blask_iGamingNews.pdf
2026-05-08,Colombia,LATAM,Tier 3,2,Rushbet,877750,116200000,18.76,Tier3_Top15_08_05(P2)_Blask_iGamingNews.pdf
2026-05-08,Colombia,LATAM,Tier 3,3,Wplay,583850,56370000,12.22,Tier3_Top15_08_05(P2)_Blask_iGamingNews.pdf
2026-05-08,Colombia,LATAM,Tier 3,4,YaJuego,125480,11690000,2.25,Tier3_Top15_08_05(P2)_Blask_iGamingNews.pdf
2026-05-08,Colombia,LATAM,Tier 3,5,Betsson,92940,75020000,1.56,Tier3_Top15_08_05(P2)_Blask_iGamingNews.pdf
2026-05-08,Colombia,LATAM,Tier 3,6,Betano,78130,3420000,1.31,Tier3_Top15_08_05(P2)_Blask_iGamingNews.pdf
2026-05-08,Colombia,LATAM,Tier 3,7,Stake,75180,4600000,1.17,Tier3_Top15_08_05(P2)_Blask_iGamingNews.pdf
2026-05-08,Colombia,LATAM,Tier 3,8,bwin,62870,4550000,0.91,Tier3_Top15_08_05(P2)_Blask_iGamingNews.pdf
2026-05-08,Colombia,LATAM,Tier 3,9,Sportium,60810,40300000,0.85,Tier3_Top15_08_05(P2)_Blask_iGamingNews.pdf
2026-05-08,Colombia,LATAM,Tier 3,10,Luckia,59840,4220000,0.84,Tier3_Top15_08_05(P2)_Blask_iGamingNews.pdf
2026-05-08,Colombia,LATAM,Tier 3,11,Codere,57770,13020000,0.79,Tier3_Top15_08_05(P2)_Blask_iGamingNews.pdf
2026-05-08,Colombia,LATAM,Tier 3,12,1win,49340,9670000,0.64,Tier3_Top15_08_05(P2)_Blask_iGamingNews.pdf
2026-05-08,Colombia,LATAM,Tier 3,13,Rivalo,25810,2470000,0.31,Tier3_Top15_08_05(P2)_Blask_iGamingNews.pdf
2026-05-08,Colombia,LATAM,Tier 3,14,1xBet,24370,5110000,0.29,Tier3_Top15_08_05(P2)_Blask_iGamingNews.pdf
2026-05-08,Colombia,LATAM,Tier 3,15,Zamba,21380,2930000,0.25,Tier3_Top15_08_05(P2)_Blask_iGamingNews.pdf
2026-05-08,Ghana,WEST AFRICA,Tier 3,1,SportyBet,1660000,35730000,52.69,Tier3_Top15_08_05(P2)_Blask_iGamingNews.pdf
2026-05-08,Ghana,WEST AFRICA,Tier 3,2,Betway,722420,21930000,22.15,Tier3_Top15_08_05(P2)_Blask_iGamingNews.pdf
2026-05-08,Ghana,WEST AFRICA,Tier 3,3,betPawa,185610,5500000,5.19,Tier3_Top15_08_05(P2)_Blask_iGamingNews.pdf
2026-05-08,Ghana,WEST AFRICA,Tier 3,4,MSport,178530,3990000,5.06,Tier3_Top15_08_05(P2)_Blask_iGamingNews.pdf
2026-05-08,Ghana,WEST AFRICA,Tier 3,5,SoccaBet,139490,4090000,3.75,Tier3_Top15_08_05(P2)_Blask_iGamingNews.pdf
2026-05-08,Ghana,WEST AFRICA,Tier 3,6,LuckyWin,118150,2210000,3.13,Tier3_Top15_08_05(P2)_Blask_iGamingNews.pdf
2026-05-08,Ghana,WEST AFRICA,Tier 3,7,Football.com,81960,1350000,2.02,Tier3_Top15_08_05(P2)_Blask_iGamingNews.pdf
2026-05-08,Ghana,WEST AFRICA,Tier 3,8,Bangbet,46870,949190,0.91,Tier3_Top15_08_05(P2)_Blask_iGamingNews.pdf
2026-05-08,Ghana,WEST AFRICA,Tier 3,9,PrideSpins,34920,553560,0.65,Tier3_Top15_08_05(P2)_Blask_iGamingNews.pdf
2026-05-08,Ghana,WEST AFRICA,Tier 3,10,1win,33520,624300,0.63,Tier3_Top15_08_05(P2)_Blask_iGamingNews.pdf
2026-05-08,Ghana,WEST AFRICA,Tier 3,11,1xBet,33560,908010,0.63,Tier3_Top15_08_05(P2)_Blask_iGamingNews.pdf
2026-05-08,Ghana,WEST AFRICA,Tier 3,12,iLOT Bet,29060,496170,0.54,Tier3_Top15_08_05(P2)_Blask_iGamingNews.pdf
2026-05-08,Ghana,WEST AFRICA,Tier 3,13,Betika,26030,561040,0.49,Tier3_Top15_08_05(P2)_Blask_iGamingNews.pdf
2026-05-08,Ghana,WEST AFRICA,Tier 3,14,BetFox,19770,426730,0.37,Tier3_Top15_08_05(P2)_Blask_iGamingNews.pdf
2026-05-08,Ghana,WEST AFRICA,Tier 3,15,My Bet Africa,11310,346860,0.21,Tier3_Top15_08_05(P2)_Blask_iGamingNews.pdf
2026-04-17,India,INDIA,Tier 3,1,4RABET,1770000,451130000,10.66,Tier3_Top15_17_04(P1)_Blask_iGamingNews.pdf
2026-04-17,India,INDIA,Tier 3,2,Stake,1540000,504570000,9.19,Tier3_Top15_17_04(P1)_Blask_iGamingNews.pdf
2026-04-17,India,INDIA,Tier 3,3,Dafabet,1500000,468260000,9.02,Tier3_Top15_17_04(P1)_Blask_iGamingNews.pdf
2026-04-17,India,INDIA,Tier 3,4,Winmatch,1480000,372750000,8.85,Tier3_Top15_17_04(P1)_Blask_iGamingNews.pdf
2026-04-17,India,INDIA,Tier 3,5,Parimatch,1330000,368720000,7.99,Tier3_Top15_17_04(P1)_Blask_iGamingNews.pdf
2026-04-17,India,INDIA,Tier 3,6,Khelo24bet,907030,260690000,5.34,Tier3_Top15_17_04(P1)_Blask_iGamingNews.pdf
2026-04-17,India,INDIA,Tier 3,7,Skyexch,703090,155590000,4.23,Tier3_Top15_17_04(P1)_Blask_iGamingNews.pdf
2026-04-17,India,INDIA,Tier 3,8,1Bet,690450,177150000,4.1,Tier3_Top15_17_04(P1)_Blask_iGamingNews.pdf
2026-04-17,India,INDIA,Tier 3,9,1xBet,642010,182440000,3.78,Tier3_Top15_17_04(P1)_Blask_iGamingNews.pdf
2026-04-17,India,INDIA,Tier 3,10,BC.Game,406740,118240000,2.33,Tier3_Top15_17_04(P1)_Blask_iGamingNews.pdf
2026-04-17,India,INDIA,Tier 3,11,IPLwin,342170,89110000,1.97,Tier3_Top15_17_04(P1)_Blask_iGamingNews.pdf
2026-04-17,India,INDIA,Tier 3,12,Batery,330340,88950000,1.88,Tier3_Top15_17_04(P1)_Blask_iGamingNews.pdf
2026-04-17,India,INDIA,Tier 3,13,1win,329080,84600000,1.88,Tier3_Top15_17_04(P1)_Blask_iGamingNews.pdf
2026-04-17,India,INDIA,Tier 3,14,Winexch,326430,78170000,1.86,Tier3_Top15_17_04(P1)_Blask_iGamingNews.pdf
2026-04-17,India,INDIA,Tier 3,15,Play In Exchange,305240,70880000,1.74,Tier3_Top15_17_04(P1)_Blask_iGamingNews.pdf
2026-04-17,Mexico,LATAM,Tier 3,1,Caliente,890720,910450000,28.93,Tier3_Top15_17_04(P1)_Blask_iGamingNews.pdf
2026-04-17,Mexico,LATAM,Tier 3,2,BetMexico,325350,79320000,10.13,Tier3_Top15_17_04(P1)_Blask_iGamingNews.pdf
2026-04-17,Mexico,LATAM,Tier 3,3,Bet365,211650,154140000,6.02,Tier3_Top15_17_04(P1)_Blask_iGamingNews.pdf
2026-04-17,Mexico,LATAM,Tier 3,4,Codere,201540,141580000,5.97,Tier3_Top15_17_04(P1)_Blask_iGamingNews.pdf
2026-04-17,Mexico,LATAM,Tier 3,5,Playdoit,161760,83870000,4.78,Tier3_Top15_17_04(P1)_Blask_iGamingNews.pdf
2026-04-17,Mexico,LATAM,Tier 3,6,Betmaster,119110,29380000,3.29,Tier3_Top15_17_04(P1)_Blask_iGamingNews.pdf
2026-04-17,Mexico,LATAM,Tier 3,7,AFun (MX),110880,19090000,3.23,Tier3_Top15_17_04(P1)_Blask_iGamingNews.pdf
2026-04-17,Mexico,LATAM,Tier 3,8,Rushbet,109960,33260000,2.99,Tier3_Top15_17_04(P1)_Blask_iGamingNews.pdf
2026-04-17,Mexico,LATAM,Tier 3,9,Brazino777,95680,23990000,2.57,Tier3_Top15_17_04(P1)_Blask_iGamingNews.pdf
2026-04-17,Mexico,LATAM,Tier 3,10,Betano,92730,49290000,2.49,Tier3_Top15_17_04(P1)_Blask_iGamingNews.pdf
2026-04-17,Mexico,LATAM,Tier 3,11,Novibet,92680,42710000,2.48,Tier3_Top15_17_04(P1)_Blask_iGamingNews.pdf
2026-04-17,Mexico,LATAM,Tier 3,12,Winpot,90070,31370000,2.29,Tier3_Top15_17_04(P1)_Blask_iGamingNews.pdf
2026-04-17,Mexico,LATAM,Tier 3,13,MexBoss,84910,14070000,2.14,Tier3_Top15_17_04(P1)_Blask_iGamingNews.pdf
2026-04-17,Mexico,LATAM,Tier 3,14,BetVip,66370,16150000,1.59,Tier3_Top15_17_04(P1)_Blask_iGamingNews.pdf
2026-04-17,Mexico,LATAM,Tier 3,15,Betway,68690,27240000,1.59,Tier3_Top15_17_04(P1)_Blask_iGamingNews.pdf
2026-04-17,Chile,LATAM,Tier 3,1,Betano,1450000,456620000,49.06,Tier3_Top15_17_04(P1)_Blask_iGamingNews.pdf
2026-04-17,Chile,LATAM,Tier 3,2,JugaBet,334180,89210000,11.24,Tier3_Top15_17_04(P1)_Blask_iGamingNews.pdf
2026-04-17,Chile,LATAM,Tier 3,3,Coolbet,250430,88790000,7.73,Tier3_Top15_17_04(P1)_Blask_iGamingNews.pdf
2026-04-17,Chile,LATAM,Tier 3,4,Betsson,133440,46610000,3.84,Tier3_Top15_17_04(P1)_Blask_iGamingNews.pdf
2026-04-17,Chile,LATAM,Tier 3,5,Novibet,113100,35540000,3.14,Tier3_Top15_17_04(P1)_Blask_iGamingNews.pdf
2026-04-17,Chile,LATAM,Tier 3,6,1win,99070,29670000,2.68,Tier3_Top15_17_04(P1)_Blask_iGamingNews.pdf
2026-04-17,Chile,LATAM,Tier 3,7,WinChile,99040,34200000,2.58,Tier3_Top15_17_04(P1)_Blask_iGamingNews.pdf
2026-04-17,Chile,LATAM,Tier 3,8,Rojabet,79330,29940000,1.92,Tier3_Top15_17_04(P1)_Blask_iGamingNews.pdf
2026-04-17,Chile,LATAM,Tier 3,9,Micasino,73490,29050000,1.68,Tier3_Top15_17_04(P1)_Blask_iGamingNews.pdf
2026-04-17,Chile,LATAM,Tier 3,10,Stake,59240,16780000,1.33,Tier3_Top15_17_04(P1)_Blask_iGamingNews.pdf
2026-04-17,Chile,LATAM,Tier 3,11,Epicbet,54070,14220000,1.26,Tier3_Top15_17_04(P1)_Blask_iGamingNews.pdf
2026-04-17,Chile,LATAM,Tier 3,12,1xBet,54940,19740000,1.17,Tier3_Top15_17_04(P1)_Blask_iGamingNews.pdf
2026-04-17,Chile,LATAM,Tier 3,13,Casino en Chile,53970,17780000,1.15,Tier3_Top15_17_04(P1)_Blask_iGamingNews.pdf
2026-04-17,Chile,LATAM,Tier 3,14,Pin Up,47160,12640000,1.03,Tier3_Top15_17_04(P1)_Blask_iGamingNews.pdf
2026-04-17,Chile,LATAM,Tier 3,15,Betsala,40130,13540000,0.82,Tier3_Top15_17_04(P1)_Blask_iGamingNews.pdf
2026-04-17,Nigeria,WEST AFRICA,Tier 3,1,Bet9ja,4660000,279520000,36.53,Tier3_Top15_17_04(P1)_Blask_iGamingNews.pdf
2026-04-17,Nigeria,WEST AFRICA,Tier 3,2,SportyBet,4630000,223170000,36.5,Tier3_Top15_17_04(P1)_Blask_iGamingNews.pdf
2026-04-17,Nigeria,WEST AFRICA,Tier 3,3,BetKing,1680000,76680000,13.23,Tier3_Top15_17_04(P1)_Blask_iGamingNews.pdf
2026-04-17,Nigeria,WEST AFRICA,Tier 3,4,MSport,658590,35290000,5.01,Tier3_Top15_17_04(P1)_Blask_iGamingNews.pdf
2026-04-17,Nigeria,WEST AFRICA,Tier 3,5,betPawa,196460,16870000,1.37,Tier3_Top15_17_04(P1)_Blask_iGamingNews.pdf
2026-04-17,Nigeria,WEST AFRICA,Tier 3,6,Football.com,162730,7070000,1.13,Tier3_Top15_17_04(P1)_Blask_iGamingNews.pdf
2026-04-17,Nigeria,WEST AFRICA,Tier 3,7,iLOT Bet,145400,7260000,0.98,Tier3_Top15_17_04(P1)_Blask_iGamingNews.pdf
2026-04-17,Nigeria,WEST AFRICA,Tier 3,8,1xBet,125040,8160000,0.81,Tier3_Top15_17_04(P1)_Blask_iGamingNews.pdf
2026-04-17,Nigeria,WEST AFRICA,Tier 3,9,Betway,111600,7300000,0.71,Tier3_Top15_17_04(P1)_Blask_iGamingNews.pdf
2026-04-17,Nigeria,WEST AFRICA,Tier 3,10,Betano,108680,5760000,0.68,Tier3_Top15_17_04(P1)_Blask_iGamingNews.pdf
2026-04-17,Nigeria,WEST AFRICA,Tier 3,11,Bangbet,94780,5180000,0.58,Tier3_Top15_17_04(P1)_Blask_iGamingNews.pdf
2026-04-17,Nigeria,WEST AFRICA,Tier 3,12,BC.Game,64070,3360000,0.34,Tier3_Top15_17_04(P1)_Blask_iGamingNews.pdf
2026-04-17,Nigeria,WEST AFRICA,Tier 3,13,Easywin,52920,2220000,0.27,Tier3_Top15_17_04(P1)_Blask_iGamingNews.pdf
2026-04-17,Nigeria,WEST AFRICA,Tier 3,14,Stake,53560,2560000,0.26,Tier3_Top15_17_04(P1)_Blask_iGamingNews.pdf
2026-04-17,Nigeria,WEST AFRICA,Tier 3,15,1win,40300,1720000,0.17,Tier3_Top15_17_04(P1)_Blask_iGamingNews.pdf
2026-04-17,Uganda,WEST AFRICA,Tier 3,1,betPawa,5420000,79330000,68.43,Tier3_Top15_17_04(P2)__Blask_iGamingNews.pdf
2026-04-17,Uganda,WEST AFRICA,Tier 3,2,Fortebet,1690000,25800000,20.98,Tier3_Top15_17_04(P2)__Blask_iGamingNews.pdf
2026-04-17,Uganda,WEST AFRICA,Tier 3,3,Betika,325540,3600000,3.93,Tier3_Top15_17_04(P2)__Blask_iGamingNews.pdf
2026-04-17,Uganda,WEST AFRICA,Tier 3,4,AbaBet,214170,3990000,2.43,Tier3_Top15_17_04(P2)__Blask_iGamingNews.pdf
2026-04-17,Uganda,WEST AFRICA,Tier 3,5,BongoBongo,96620,1590000,0.94,Tier3_Top15_17_04(P2)__Blask_iGamingNews.pdf
2026-04-17,Uganda,WEST AFRICA,Tier 3,6,Gal Sport Betting,81120,1230000,0.76,Tier3_Top15_17_04(P2)__Blask_iGamingNews.pdf
2026-04-17,Uganda,WEST AFRICA,Tier 3,7,Champion Bet,76230,1060000,0.71,Tier3_Top15_17_04(P2)__Blask_iGamingNews.pdf
2026-04-17,Uganda,WEST AFRICA,Tier 3,8,World Sport Betting,43070,690490,0.29,Tier3_Top15_17_04(P2)__Blask_iGamingNews.pdf
2026-04-17,Uganda,WEST AFRICA,Tier 3,9,Kagwirawo,39990,541910,0.28,Tier3_Top15_17_04(P2)__Blask_iGamingNews.pdf
2026-04-17,Uganda,WEST AFRICA,Tier 3,10,22bet,36190,518840,0.24,Tier3_Top15_17_04(P2)__Blask_iGamingNews.pdf
2026-04-17,Uganda,WEST AFRICA,Tier 3,11,1xBet,28520,435710,0.19,Tier3_Top15_17_04(P2)__Blask_iGamingNews.pdf
2026-04-17,Uganda,WEST AFRICA,Tier 3,12,SemaBet,25010,454080,0.16,Tier3_Top15_17_04(P2)__Blask_iGamingNews.pdf
2026-04-17,Uganda,WEST AFRICA,Tier 3,13,Premier Bet,19160,288420,0.13,Tier3_Top15_17_04(P2)__Blask_iGamingNews.pdf
2026-04-17,Uganda,WEST AFRICA,Tier 3,14,SportyBet,18570,472780,0.12,Tier3_Top15_17_04(P2)__Blask_iGamingNews.pdf
2026-04-17,Uganda,WEST AFRICA,Tier 3,15,SlotsUG,10080,145700,0.07,Tier3_Top15_17_04(P2)__Blask_iGamingNews.pdf
2026-04-17,Colombia,LATAM,Tier 3,1,BetPlay,2700000,262100000,57.65,Tier3_Top15_17_04(P2)__Blask_iGamingNews.pdf
2026-04-17,Colombia,LATAM,Tier 3,2,Rushbet,868190,114390000,18.66,Tier3_Top15_17_04(P2)__Blask_iGamingNews.pdf
2026-04-17,Colombia,LATAM,Tier 3,3,Wplay,582300,56340000,12.24,Tier3_Top15_17_04(P2)__Blask_iGamingNews.pdf
2026-04-17,Colombia,LATAM,Tier 3,4,YaJuego,127390,11730000,2.31,Tier3_Top15_17_04(P2)__Blask_iGamingNews.pdf
2026-04-17,Colombia,LATAM,Tier 3,5,Betsson,92060,74250000,1.55,Tier3_Top15_17_04(P2)__Blask_iGamingNews.pdf
2026-04-17,Colombia,LATAM,Tier 3,6,Stake,74070,4540000,1.15,Tier3_Top15_17_04(P2)__Blask_iGamingNews.pdf
2026-04-17,Colombia,LATAM,Tier 3,7,Betano,68770,3040000,1.11,Tier3_Top15_17_04(P2)__Blask_iGamingNews.pdf
2026-04-17,Colombia,LATAM,Tier 3,8,bwin,62650,4510000,0.91,Tier3_Top15_17_04(P2)__Blask_iGamingNews.pdf
2026-04-17,Colombia,LATAM,Tier 3,9,Sportium,61730,40680000,0.87,Tier3_Top15_17_04(P2)__Blask_iGamingNews.pdf
2026-04-17,Colombia,LATAM,Tier 3,10,Luckia,59420,4160000,0.84,Tier3_Top15_17_04(P2)__Blask_iGamingNews.pdf
2026-04-17,Colombia,LATAM,Tier 3,11,Codere,56580,13000000,0.77,Tier3_Top15_17_04(P2)__Blask_iGamingNews.pdf
2026-04-17,Colombia,LATAM,Tier 3,12,1win,50830,9820000,0.68,Tier3_Top15_17_04(P2)__Blask_iGamingNews.pdf
2026-04-17,Colombia,LATAM,Tier 3,13,Rivalo,27000,2530000,0.32,Tier3_Top15_17_04(P2)__Blask_iGamingNews.pdf
2026-04-17,Colombia,LATAM,Tier 3,14,1xBet,24630,5120000,0.29,Tier3_Top15_17_04(P2)__Blask_iGamingNews.pdf
2026-04-17,Colombia,LATAM,Tier 3,15,Zamba,21320,2950000,0.25,Tier3_Top15_17_04(P2)__Blask_iGamingNews.pdf
2026-04-17,Ghana,WEST AFRICA,Tier 3,1,SportyBet,1660000,20340000,52.0,Tier3_Top15_17_04(P2)__Blask_iGamingNews.pdf
2026-04-17,Ghana,WEST AFRICA,Tier 3,2,Betway,747540,12610000,22.91,Tier3_Top15_17_04(P2)__Blask_iGamingNews.pdf
2026-04-17,Ghana,WEST AFRICA,Tier 3,3,betPawa,187760,3160000,5.22,Tier3_Top15_17_04(P2)__Blask_iGamingNews.pdf
2026-04-17,Ghana,WEST AFRICA,Tier 3,4,MSport,178390,2270000,5.02,Tier3_Top15_17_04(P2)__Blask_iGamingNews.pdf
2026-04-17,Ghana,WEST AFRICA,Tier 3,5,SoccaBet,141380,2340000,3.79,Tier3_Top15_17_04(P2)__Blask_iGamingNews.pdf
2026-04-17,Ghana,WEST AFRICA,Tier 3,6,LuckyWin,115740,1240000,3.02,Tier3_Top15_17_04(P2)__Blask_iGamingNews.pdf
2026-04-17,Ghana,WEST AFRICA,Tier 3,7,Football.com,80220,743060,1.97,Tier3_Top15_17_04(P2)__Blask_iGamingNews.pdf
2026-04-17,Ghana,WEST AFRICA,Tier 3,8,Bangbet,45340,528410,0.87,Tier3_Top15_17_04(P2)__Blask_iGamingNews.pdf
2026-04-17,Ghana,WEST AFRICA,Tier 3,9,1xBet,34510,523680,0.64,Tier3_Top15_17_04(P2)__Blask_iGamingNews.pdf
2026-04-17,Ghana,WEST AFRICA,Tier 3,10,1win,34040,357220,0.63,Tier3_Top15_17_04(P2)__Blask_iGamingNews.pdf
2026-04-17,Ghana,WEST AFRICA,Tier 3,11,PrideSpins,33870,299800,0.63,Tier3_Top15_17_04(P2)__Blask_iGamingNews.pdf
2026-04-17,Ghana,WEST AFRICA,Tier 3,12,iLOT Bet,29480,276960,0.55,Tier3_Top15_17_04(P2)__Blask_iGamingNews.pdf
2026-04-17,Ghana,WEST AFRICA,Tier 3,13,Betika,26590,320580,0.49,Tier3_Top15_17_04(P2)__Blask_iGamingNews.pdf
2026-04-17,Ghana,WEST AFRICA,Tier 3,14,BetFox,19710,243760,0.36,Tier3_Top15_17_04(P2)__Blask_iGamingNews.pdf
2026-04-17,Ghana,WEST AFRICA,Tier 3,15,My Bet Africa,13130,210070,0.24,Tier3_Top15_17_04(P2)__Blask_iGamingNews.pdf
2026-07-24,India,INDIA,Tier 3,1,4RABET,11820000,443760000,10.46,Tier3_Top15_24_07_Blask_iGamingNews.pdf
2026-07-24,India,INDIA,Tier 3,2,Parimatch,11390000,398140000,10.17,Tier3_Top15_24_07_Blask_iGamingNews.pdf
2026-07-24,India,INDIA,Tier 3,3,Dafabet,10440000,460980000,9.24,Tier3_Top15_24_07_Blask_iGamingNews.pdf
2026-07-24,India,INDIA,Tier 3,4,Winmatch,10210000,364650000,9.02,Tier3_Top15_24_07_Blask_iGamingNews.pdf
2026-07-24,India,INDIA,Tier 3,5,Stake,7160000,381790000,6.13,Tier3_Top15_24_07_Blask_iGamingNews.pdf
2026-07-24,India,INDIA,Tier 3,6,Khelo24bet,4760000,215730000,4.05,Tier3_Top15_24_07_Blask_iGamingNews.pdf
2026-07-24,India,INDIA,Tier 3,7,Skyexch,4530000,166640000,4.0,Tier3_Top15_24_07_Blask_iGamingNews.pdf
2026-07-24,India,INDIA,Tier 3,8,1Bet,4470000,170570000,3.87,Tier3_Top15_24_07_Blask_iGamingNews.pdf
2026-07-24,India,INDIA,Tier 3,9,1xBet,4130000,171560000,3.55,Tier3_Top15_24_07_Blask_iGamingNews.pdf
2026-07-24,India,INDIA,Tier 3,10,IPLwin,2740000,95680000,2.34,Tier3_Top15_24_07_Blask_iGamingNews.pdf
2026-07-24,India,INDIA,Tier 3,11,1win,2480000,88190000,2.1,Tier3_Top15_24_07_Blask_iGamingNews.pdf
2026-07-24,India,INDIA,Tier 3,12,Batery,2350000,88730000,1.98,Tier3_Top15_24_07_Blask_iGamingNews.pdf
2026-07-24,India,INDIA,Tier 3,13,Play In Exchange,2290000,76020000,1.93,Tier3_Top15_24_07_Blask_iGamingNews.pdf
2026-07-24,India,INDIA,Tier 3,14,BC.Game,2300000,102540000,1.89,Tier3_Top15_24_07_Blask_iGamingNews.pdf
2026-07-24,India,INDIA,Tier 3,15,Winexch,2160000,76540000,1.79,Tier3_Top15_24_07_Blask_iGamingNews.pdf
2026-07-24,Mexico,LATAM,Tier 3,1,Caliente,4770000,1050000000,28.7,Tier3_Top15_24_07_Blask_iGamingNews.pdf
2026-07-24,Mexico,LATAM,Tier 3,2,BetMexico,1770000,143410000,10.37,Tier3_Top15_24_07_Blask_iGamingNews.pdf
2026-07-24,Mexico,LATAM,Tier 3,3,Codere,1050000,157400000,5.77,Tier3_Top15_24_07_Blask_iGamingNews.pdf
2026-07-24,Mexico,LATAM,Tier 3,4,Playdoit,960400,124950000,5.44,Tier3_Top15_24_07_Blask_iGamingNews.pdf
2026-07-24,Mexico,LATAM,Tier 3,5,Bet365,912970,200320000,4.62,Tier3_Top15_24_07_Blask_iGamingNews.pdf
2026-07-24,Mexico,LATAM,Tier 3,6,AFun (MX),711480,45030000,3.96,Tier3_Top15_24_07_Blask_iGamingNews.pdf
2026-07-24,Mexico,LATAM,Tier 3,7,Betmaster,664720,52870000,3.48,Tier3_Top15_24_07_Blask_iGamingNews.pdf
2026-07-24,Mexico,LATAM,Tier 3,8,Rushbet,597810,53660000,3.04,Tier3_Top15_24_07_Blask_iGamingNews.pdf
2026-07-24,Mexico,LATAM,Tier 3,9,Novibet,552780,47830000,2.85,Tier3_Top15_24_07_Blask_iGamingNews.pdf
2026-07-24,Mexico,LATAM,Tier 3,10,Brazino777,529430,43480000,2.64,Tier3_Top15_24_07_Blask_iGamingNews.pdf
2026-07-24,Mexico,LATAM,Tier 3,11,Winpot,502420,64080000,2.46,Tier3_Top15_24_07_Blask_iGamingNews.pdf
2026-07-24,Mexico,LATAM,Tier 3,12,MexBoss,494320,34020000,2.43,Tier3_Top15_24_07_Blask_iGamingNews.pdf
2026-07-24,Mexico,LATAM,Tier 3,13,Betano,365330,47560000,1.71,Tier3_Top15_24_07_Blask_iGamingNews.pdf
2026-07-24,Mexico,LATAM,Tier 3,14,BetVip,374210,30800000,1.66,Tier3_Top15_24_07_Blask_iGamingNews.pdf
2026-07-24,Mexico,LATAM,Tier 3,15,Sportium,361820,35080000,1.55,Tier3_Top15_24_07_Blask_iGamingNews.pdf
2026-07-24,Chile,LATAM,Tier 3,1,Betano,2420000,477230000,50.86,Tier3_Top15_24_07_Blask_iGamingNews.pdf
2026-07-24,Chile,LATAM,Tier 3,2,JugaBet,582910,102690000,11.94,Tier3_Top15_24_07_Blask_iGamingNews.pdf
2026-07-24,Chile,LATAM,Tier 3,3,Coolbet,384470,87760000,7.33,Tier3_Top15_24_07_Blask_iGamingNews.pdf
2026-07-24,Chile,LATAM,Tier 3,4,Betsson,211870,47030000,3.79,Tier3_Top15_24_07_Blask_iGamingNews.pdf
2026-07-24,Chile,LATAM,Tier 3,5,Novibet,170740,35290000,2.88,Tier3_Top15_24_07_Blask_iGamingNews.pdf
2026-07-24,Chile,LATAM,Tier 3,6,1win,159100,30760000,2.71,Tier3_Top15_24_07_Blask_iGamingNews.pdf
2026-07-24,Chile,LATAM,Tier 3,7,WinChile,149900,33080000,2.43,Tier3_Top15_24_07_Blask_iGamingNews.pdf
2026-07-24,Chile,LATAM,Tier 3,8,Rojabet,119550,28740000,1.81,Tier3_Top15_24_07_Blask_iGamingNews.pdf
2026-07-24,Chile,LATAM,Tier 3,9,Micasino,105590,26600000,1.49,Tier3_Top15_24_07_Blask_iGamingNews.pdf
2026-07-24,Chile,LATAM,Tier 3,10,Epicbet,92780,16340000,1.34,Tier3_Top15_24_07_Blask_iGamingNews.pdf
2026-07-24,Chile,LATAM,Tier 3,11,Stake,94070,17790000,1.32,Tier3_Top15_24_07_Blask_iGamingNews.pdf
2026-07-24,Chile,LATAM,Tier 3,12,Casino en Chile,83420,17590000,1.08,Tier3_Top15_24_07_Blask_iGamingNews.pdf
2026-07-24,Chile,LATAM,Tier 3,13,1xBet,76870,18280000,0.97,Tier3_Top15_24_07_Blask_iGamingNews.pdf
2026-07-24,Chile,LATAM,Tier 3,14,1Bet,53760,7470000,0.69,Tier3_Top15_24_07_Blask_iGamingNews.pdf
2026-07-24,Chile,LATAM,Tier 3,15,Betsala,54870,12730000,0.68,Tier3_Top15_24_07_Blask_iGamingNews.pdf
2026-07-24,Nigeria,WEST AFRICA,Tier 3,1,SportyBet,15210000,249080000,38.39,Tier3_Top15_24_07_Blask_iGamingNews.pdf
2026-07-24,Nigeria,WEST AFRICA,Tier 3,2,Bet9ja,13480000,285580000,33.73,Tier3_Top15_24_07_Blask_iGamingNews.pdf
2026-07-24,Nigeria,WEST AFRICA,Tier 3,3,BetKing,5510000,88710000,13.84,Tier3_Top15_24_07_Blask_iGamingNews.pdf
2026-07-24,Nigeria,WEST AFRICA,Tier 3,4,MSport,2050000,37040000,5.02,Tier3_Top15_24_07_Blask_iGamingNews.pdf
2026-07-24,Nigeria,WEST AFRICA,Tier 3,5,betPawa,622910,17220000,1.41,Tier3_Top15_24_07_Blask_iGamingNews.pdf
2026-07-24,Nigeria,WEST AFRICA,Tier 3,6,Football.com,576530,8600000,1.31,Tier3_Top15_24_07_Blask_iGamingNews.pdf
2026-07-24,Nigeria,WEST AFRICA,Tier 3,7,iLOT Bet,484130,7940000,1.07,Tier3_Top15_24_07_Blask_iGamingNews.pdf
2026-07-24,Nigeria,WEST AFRICA,Tier 3,8,1xBet,361980,8100000,0.75,Tier3_Top15_24_07_Blask_iGamingNews.pdf
2026-07-24,Nigeria,WEST AFRICA,Tier 3,9,Betway,335910,7370000,0.69,Tier3_Top15_24_07_Blask_iGamingNews.pdf
2026-07-24,Nigeria,WEST AFRICA,Tier 3,10,Betano,317350,5700000,0.64,Tier3_Top15_24_07_Blask_iGamingNews.pdf
2026-07-24,Nigeria,WEST AFRICA,Tier 3,11,Bangbet,305700,5510000,0.61,Tier3_Top15_24_07_Blask_iGamingNews.pdf
2026-07-24,Nigeria,WEST AFRICA,Tier 3,12,Easywin,193500,2800000,0.33,Tier3_Top15_24_07_Blask_iGamingNews.pdf
2026-07-24,Nigeria,WEST AFRICA,Tier 3,13,BC.Game,185890,3360000,0.31,Tier3_Top15_24_07_Blask_iGamingNews.pdf
2026-07-24,Nigeria,WEST AFRICA,Tier 3,14,Stake,170510,2790000,0.27,Tier3_Top15_24_07_Blask_iGamingNews.pdf
2026-07-24,Nigeria,WEST AFRICA,Tier 3,15,1win,144320,2110000,0.21,Tier3_Top15_24_07_Blask_iGamingNews.pdf
2026-07-24,Uganda,WEST AFRICA,Tier 3,1,betPawa,5520000,81120000,69.25,Tier3_Top15_24_07_Blask_iGamingNews.pdf
2026-07-24,Uganda,WEST AFRICA,Tier 3,2,Fortebet,1620000,25230000,19.9,Tier3_Top15_24_07_Blask_iGamingNews.pdf
2026-07-24,Uganda,WEST AFRICA,Tier 3,3,Betika,349930,4150000,4.18,Tier3_Top15_24_07_Blask_iGamingNews.pdf
2026-07-24,Uganda,WEST AFRICA,Tier 3,4,AbaBet,210010,3940000,2.37,Tier3_Top15_24_07_Blask_iGamingNews.pdf
2026-07-24,Uganda,WEST AFRICA,Tier 3,5,BongoBongo,90720,1530000,0.86,Tier3_Top15_24_07_Blask_iGamingNews.pdf
2026-07-24,Uganda,WEST AFRICA,Tier 3,6,Gal Sport Betting,83340,1260000,0.78,Tier3_Top15_24_07_Blask_iGamingNews.pdf
2026-07-24,Uganda,WEST AFRICA,Tier 3,7,Champion Bet,78710,1130000,0.73,Tier3_Top15_24_07_Blask_iGamingNews.pdf
2026-07-24,Uganda,WEST AFRICA,Tier 3,8,World Star Betting,58440,1210000,0.47,Tier3_Top15_24_07_Blask_iGamingNews.pdf
2026-07-24,Uganda,WEST AFRICA,Tier 3,9,Kagwirawo,41710,576340,0.29,Tier3_Top15_24_07_Blask_iGamingNews.pdf
2026-07-24,Uganda,WEST AFRICA,Tier 3,10,22bet,35760,506990,0.23,Tier3_Top15_24_07_Blask_iGamingNews.pdf
2026-07-24,Uganda,WEST AFRICA,Tier 3,11,1xBet,27260,441740,0.18,Tier3_Top15_24_07_Blask_iGamingNews.pdf
2026-07-24,Uganda,WEST AFRICA,Tier 3,12,SportyBet,18450,469590,0.12,Tier3_Top15_24_07_Blask_iGamingNews.pdf
2026-07-24,Uganda,WEST AFRICA,Tier 3,13,Premier Bet,18240,292060,0.12,Tier3_Top15_24_07_Blask_iGamingNews.pdf
2026-07-24,Uganda,WEST AFRICA,Tier 3,14,SemaBet,17790,346950,0.12,Tier3_Top15_24_07_Blask_iGamingNews.pdf
2026-07-24,Uganda,WEST AFRICA,Tier 3,15,SlotsUG,10280,151590,0.07,Tier3_Top15_24_07_Blask_iGamingNews.pdf
2026-07-24,Colombia,LATAM,Tier 3,1,BetPlay,2390000,250130000,51.68,Tier3_Top15_24_07_Blask_iGamingNews.pdf
2026-07-24,Colombia,LATAM,Tier 3,2,Rushbet,909090,120140000,19.86,Tier3_Top15_24_07_Blask_iGamingNews.pdf
2026-07-24,Colombia,LATAM,Tier 3,3,Wplay,638750,59010000,13.79,Tier3_Top15_24_07_Blask_iGamingNews.pdf
2026-07-24,Colombia,LATAM,Tier 3,4,YaJuego,122330,11590000,2.22,Tier3_Top15_24_07_Blask_iGamingNews.pdf
2026-07-24,Colombia,LATAM,Tier 3,5,Betano,100100,4340000,1.87,Tier3_Top15_24_07_Blask_iGamingNews.pdf
2026-07-24,Colombia,LATAM,Tier 3,6,Betsson,94670,76580000,1.64,Tier3_Top15_24_07_Blask_iGamingNews.pdf
2026-07-24,Colombia,LATAM,Tier 3,7,Stake,80020,4790000,1.32,Tier3_Top15_24_07_Blask_iGamingNews.pdf
2026-07-24,Colombia,LATAM,Tier 3,8,bwin,64490,4650000,0.97,Tier3_Top15_24_07_Blask_iGamingNews.pdf
2026-07-24,Colombia,LATAM,Tier 3,9,Codere,59910,13150000,0.86,Tier3_Top15_24_07_Blask_iGamingNews.pdf
2026-07-24,Colombia,LATAM,Tier 3,10,Luckia,60020,4300000,0.86,Tier3_Top15_24_07_Blask_iGamingNews.pdf
2026-07-24,Colombia,LATAM,Tier 3,11,Sportium,59000,39570000,0.83,Tier3_Top15_24_07_Blask_iGamingNews.pdf
2026-07-24,Colombia,LATAM,Tier 3,12,Jojobet,35370,3350000,0.66,Tier3_Top15_24_07_Blask_iGamingNews.pdf
2026-07-24,Colombia,LATAM,Tier 3,13,1win,47970,9440000,0.63,Tier3_Top15_24_07_Blask_iGamingNews.pdf
2026-07-24,Colombia,LATAM,Tier 3,14,betPawa,27190,3760000,0.33,Tier3_Top15_24_07_Blask_iGamingNews.pdf
2026-07-24,Colombia,LATAM,Tier 3,15,JuegaEnLinea,27410,5400000,0.33,Tier3_Top15_24_07_Blask_iGamingNews.pdf
2026-07-24,Ghana,WEST AFRICA,Tier 3,1,SportyBet,1700000,36260000,53.6,Tier3_Top15_24_07_Blask_iGamingNews.pdf
2026-07-24,Ghana,WEST AFRICA,Tier 3,2,Betway,706720,21770000,21.27,Tier3_Top15_24_07_Blask_iGamingNews.pdf
2026-07-24,Ghana,WEST AFRICA,Tier 3,3,betPawa,182180,5460000,5.02,Tier3_Top15_24_07_Blask_iGamingNews.pdf
2026-07-24,Ghana,WEST AFRICA,Tier 3,4,MSport,178680,4020000,4.99,Tier3_Top15_24_07_Blask_iGamingNews.pdf
2026-07-24,Ghana,WEST AFRICA,Tier 3,5,SoccaBet,135860,4070000,3.57,Tier3_Top15_24_07_Blask_iGamingNews.pdf
2026-07-24,Ghana,WEST AFRICA,Tier 3,6,LuckyWin,124120,2300000,3.32,Tier3_Top15_24_07_Blask_iGamingNews.pdf
2026-07-24,Ghana,WEST AFRICA,Tier 3,7,Football.com,84340,1440000,2.04,Tier3_Top15_24_07_Blask_iGamingNews.pdf
2026-07-24,Ghana,WEST AFRICA,Tier 3,8,Bangbet,49570,999550,0.95,Tier3_Top15_24_07_Blask_iGamingNews.pdf
2026-07-24,Ghana,WEST AFRICA,Tier 3,9,PrideSpins,38310,617530,0.71,Tier3_Top15_24_07_Blask_iGamingNews.pdf
2026-07-24,Ghana,WEST AFRICA,Tier 3,10,1win,33940,630400,0.63,Tier3_Top15_24_07_Blask_iGamingNews.pdf
2026-07-24,Ghana,WEST AFRICA,Tier 3,11,1xBet,32150,892180,0.59,Tier3_Top15_24_07_Blask_iGamingNews.pdf
2026-07-24,Ghana,WEST AFRICA,Tier 3,12,iLOT Bet,29190,517870,0.54,Tier3_Top15_24_07_Blask_iGamingNews.pdf
2026-07-24,Ghana,WEST AFRICA,Tier 3,13,Betika,25380,560740,0.47,Tier3_Top15_24_07_Blask_iGamingNews.pdf
2026-07-24,Ghana,WEST AFRICA,Tier 3,14,BetFox,19230,422770,0.35,Tier3_Top15_24_07_Blask_iGamingNews.pdf
2026-07-24,Ghana,WEST AFRICA,Tier 3,15,Sportsbet.io,14420,210270,0.27,Tier3_Top15_24_07_Blask_iGamingNews.pdf
2026-06-26,India,INDIA,Tier 3,1,4RABET,12290000,449040000,10.57,Tier3_Top15_26_06(P1)_Blask_iGamingNews.pdf
2026-06-26,India,INDIA,Tier 3,2,Parimatch,10990000,387360000,9.51,Tier3_Top15_26_06(P1)_Blask_iGamingNews.pdf
2026-06-26,India,INDIA,Tier 3,3,Dafabet,10730000,464770000,9.23,Tier3_Top15_26_06(P1)_Blask_iGamingNews.pdf
2026-06-26,India,INDIA,Tier 3,4,Winmatch,10400000,367860000,8.91,Tier3_Top15_26_06(P1)_Blask_iGamingNews.pdf
2026-06-26,India,INDIA,Tier 3,5,Stake,7800000,414160000,6.5,Tier3_Top15_26_06(P1)_Blask_iGamingNews.pdf
2026-06-26,India,INDIA,Tier 3,6,Khelo24bet,5340000,231380000,4.45,Tier3_Top15_26_06(P1)_Blask_iGamingNews.pdf
2026-06-26,India,INDIA,Tier 3,7,Skyexch,4720000,164310000,4.05,Tier3_Top15_26_06(P1)_Blask_iGamingNews.pdf
2026-06-26,India,INDIA,Tier 3,8,1Bet,4560000,172280000,3.84,Tier3_Top15_26_06(P1)_Blask_iGamingNews.pdf
2026-06-26,India,INDIA,Tier 3,9,1xBet,4290000,175180000,3.59,Tier3_Top15_26_06(P1)_Blask_iGamingNews.pdf
2026-06-26,India,INDIA,Tier 3,10,IPLwin,2640000,93050000,2.18,Tier3_Top15_26_06(P1)_Blask_iGamingNews.pdf
2026-06-26,India,INDIA,Tier 3,11,BC.Game,2540000,108400000,2.06,Tier3_Top15_26_06(P1)_Blask_iGamingNews.pdf
2026-06-26,India,INDIA,Tier 3,12,1win,2490000,87250000,2.04,Tier3_Top15_26_06(P1)_Blask_iGamingNews.pdf
2026-06-26,India,INDIA,Tier 3,13,Batery,2380000,88920000,1.94,Tier3_Top15_26_06(P1)_Blask_iGamingNews.pdf
2026-06-26,India,INDIA,Tier 3,14,Play In Exchange,2310000,74870000,1.89,Tier3_Top15_26_06(P1)_Blask_iGamingNews.pdf
2026-06-26,India,INDIA,Tier 3,15,Winexch,2210000,77120000,1.78,Tier3_Top15_26_06(P1)_Blask_iGamingNews.pdf
2026-06-26,Mexico,LATAM,Tier 3,1,Caliente,4720000,1000000000,28.72,Tier3_Top15_26_06(P1)_Blask_iGamingNews.pdf
2026-06-26,Mexico,LATAM,Tier 3,2,BetMexico,1770000,119730000,10.51,Tier3_Top15_26_06(P1)_Blask_iGamingNews.pdf
2026-06-26,Mexico,LATAM,Tier 3,3,Codere,1050000,156500000,5.81,Tier3_Top15_26_06(P1)_Blask_iGamingNews.pdf
2026-06-26,Mexico,LATAM,Tier 3,4,Bet365,973900,164260000,5.03,Tier3_Top15_26_06(P1)_Blask_iGamingNews.pdf
2026-06-26,Mexico,LATAM,Tier 3,5,Playdoit,892750,127440000,5.0,Tier3_Top15_26_06(P1)_Blask_iGamingNews.pdf
2026-06-26,Mexico,LATAM,Tier 3,6,AFun (MX),675200,34480000,3.79,Tier3_Top15_26_06(P1)_Blask_iGamingNews.pdf
2026-06-26,Mexico,LATAM,Tier 3,7,Betmaster,651850,43980000,3.43,Tier3_Top15_26_06(P1)_Blask_iGamingNews.pdf
2026-06-26,Mexico,LATAM,Tier 3,8,Rushbet,593490,46800000,3.06,Tier3_Top15_26_06(P1)_Blask_iGamingNews.pdf
2026-06-26,Mexico,LATAM,Tier 3,9,Novibet,532850,46340000,2.76,Tier3_Top15_26_06(P1)_Blask_iGamingNews.pdf
2026-06-26,Mexico,LATAM,Tier 3,10,Brazino777,524600,35890000,2.66,Tier3_Top15_26_06(P1)_Blask_iGamingNews.pdf
2026-06-26,Mexico,LATAM,Tier 3,11,MexBoss,489650,25230000,2.39,Tier3_Top15_26_06(P1)_Blask_iGamingNews.pdf
2026-06-26,Mexico,LATAM,Tier 3,12,Winpot,488040,79680000,2.38,Tier3_Top15_26_06(P1)_Blask_iGamingNews.pdf
2026-06-26,Mexico,LATAM,Tier 3,13,Betano,401600,45720000,1.93,Tier3_Top15_26_06(P1)_Blask_iGamingNews.pdf
2026-06-26,Mexico,LATAM,Tier 3,14,BetVip,367890,24700000,1.67,Tier3_Top15_26_06(P1)_Blask_iGamingNews.pdf
2026-06-26,Mexico,LATAM,Tier 3,15,Betway,365140,34720000,1.59,Tier3_Top15_26_06(P1)_Blask_iGamingNews.pdf
2026-06-26,Chile,LATAM,Tier 3,1,Betano,2280000,459540000,49.72,Tier3_Top15_26_06(P1)_Blask_iGamingNews.pdf
2026-06-26,Chile,LATAM,Tier 3,2,JugaBet,556410,97100000,11.98,Tier3_Top15_26_06(P1)_Blask_iGamingNews.pdf
2026-06-26,Chile,LATAM,Tier 3,3,Coolbet,375410,86580000,7.46,Tier3_Top15_26_06(P1)_Blask_iGamingNews.pdf
2026-06-26,Chile,LATAM,Tier 3,4,Betsson,205500,46090000,3.83,Tier3_Top15_26_06(P1)_Blask_iGamingNews.pdf
2026-06-26,Chile,LATAM,Tier 3,5,Novibet,170490,34980000,3.03,Tier3_Top15_26_06(P1)_Blask_iGamingNews.pdf
2026-06-26,Chile,LATAM,Tier 3,6,1win,153810,29900000,2.72,Tier3_Top15_26_06(P1)_Blask_iGamingNews.pdf
2026-06-26,Chile,LATAM,Tier 3,7,WinChile,149780,33020000,2.53,Tier3_Top15_26_06(P1)_Blask_iGamingNews.pdf
2026-06-26,Chile,LATAM,Tier 3,8,Rojabet,119090,28710000,1.88,Tier3_Top15_26_06(P1)_Blask_iGamingNews.pdf
2026-06-26,Chile,LATAM,Tier 3,9,Micasino,105080,26870000,1.52,Tier3_Top15_26_06(P1)_Blask_iGamingNews.pdf
2026-06-26,Chile,LATAM,Tier 3,10,Epicbet,88790,15470000,1.32,Tier3_Top15_26_06(P1)_Blask_iGamingNews.pdf
2026-06-26,Chile,LATAM,Tier 3,11,Stake,91470,17230000,1.32,Tier3_Top15_26_06(P1)_Blask_iGamingNews.pdf
2026-06-26,Chile,LATAM,Tier 3,12,Casino en Chile,83130,17450000,1.14,Tier3_Top15_26_06(P1)_Blask_iGamingNews.pdf
2026-06-26,Chile,LATAM,Tier 3,13,1xBet,77990,18490000,1.03,Tier3_Top15_26_06(P1)_Blask_iGamingNews.pdf
2026-06-26,Chile,LATAM,Tier 3,14,Betsala,56140,12850000,0.73,Tier3_Top15_26_06(P1)_Blask_iGamingNews.pdf
2026-06-26,Chile,LATAM,Tier 3,15,Juegalo,55350,12090000,0.72,Tier3_Top15_26_06(P1)_Blask_iGamingNews.pdf
2026-06-26,Nigeria,WEST AFRICA,Tier 3,1,SportyBet,14820000,240470000,37.96,Tier3_Top15_26_06(P1)_Blask_iGamingNews.pdf
2026-06-26,Nigeria,WEST AFRICA,Tier 3,2,Bet9ja,13580000,283740000,34.51,Tier3_Top15_26_06(P1)_Blask_iGamingNews.pdf
2026-06-26,Nigeria,WEST AFRICA,Tier 3,3,BetKing,5330000,84670000,13.59,Tier3_Top15_26_06(P1)_Blask_iGamingNews.pdf
2026-06-26,Nigeria,WEST AFRICA,Tier 3,4,MSport,2020000,36390000,5.0,Tier3_Top15_26_06(P1)_Blask_iGamingNews.pdf
2026-06-26,Nigeria,WEST AFRICA,Tier 3,5,betPawa,610940,17050000,1.39,Tier3_Top15_26_06(P1)_Blask_iGamingNews.pdf
2026-06-26,Nigeria,WEST AFRICA,Tier 3,6,Football.com,549860,8100000,1.26,Tier3_Top15_26_06(P1)_Blask_iGamingNews.pdf
2026-06-26,Nigeria,WEST AFRICA,Tier 3,7,iLOT Bet,460810,7660000,1.02,Tier3_Top15_26_06(P1)_Blask_iGamingNews.pdf
2026-06-26,Nigeria,WEST AFRICA,Tier 3,8,1xBet,365930,8110000,0.77,Tier3_Top15_26_06(P1)_Blask_iGamingNews.pdf
2026-06-26,Nigeria,WEST AFRICA,Tier 3,9,Betway,334160,7330000,0.69,Tier3_Top15_26_06(P1)_Blask_iGamingNews.pdf
2026-06-26,Nigeria,WEST AFRICA,Tier 3,10,Betano,316160,5700000,0.64,Tier3_Top15_26_06(P1)_Blask_iGamingNews.pdf
2026-06-26,Nigeria,WEST AFRICA,Tier 3,11,Bangbet,299540,5400000,0.61,Tier3_Top15_26_06(P1)_Blask_iGamingNews.pdf
2026-06-26,Nigeria,WEST AFRICA,Tier 3,12,BC.Game,190420,3370000,0.32,Tier3_Top15_26_06(P1)_Blask_iGamingNews.pdf
2026-06-26,Nigeria,WEST AFRICA,Tier 3,13,Easywin,184560,2610000,0.32,Tier3_Top15_26_06(P1)_Blask_iGamingNews.pdf
2026-06-26,Nigeria,WEST AFRICA,Tier 3,14,Stake,166700,2710000,0.27,Tier3_Top15_26_06(P1)_Blask_iGamingNews.pdf
2026-06-26,Nigeria,WEST AFRICA,Tier 3,15,1win,137720,1980000,0.19,Tier3_Top15_26_06(P1)_Blask_iGamingNews.pdf
2026-06-26,Uganda,WEST AFRICA,Tier 3,1,betPawa,5480000,80460000,68.94,Tier3_Top15_26_06(P2)_Blask_iGamingNews.pdf
2026-06-26,Uganda,WEST AFRICA,Tier 3,2,Fortebet,1630000,25410000,20.22,Tier3_Top15_26_06(P2)_Blask_iGamingNews.pdf
2026-06-26,Uganda,WEST AFRICA,Tier 3,3,Betika,343500,3990000,4.12,Tier3_Top15_26_06(P2)_Blask_iGamingNews.pdf
2026-06-26,Uganda,WEST AFRICA,Tier 3,4,AbaBet,211550,3950000,2.39,Tier3_Top15_26_06(P2)_Blask_iGamingNews.pdf
2026-06-26,Uganda,WEST AFRICA,Tier 3,5,BongoBongo,92220,1550000,0.88,Tier3_Top15_26_06(P2)_Blask_iGamingNews.pdf
2026-06-26,Uganda,WEST AFRICA,Tier 3,6,Gal Sport Betting,82460,1240000,0.78,Tier3_Top15_26_06(P2)_Blask_iGamingNews.pdf
2026-06-26,Uganda,WEST AFRICA,Tier 3,7,Champion Bet,78140,1110000,0.72,Tier3_Top15_26_06(P2)_Blask_iGamingNews.pdf
2026-06-26,Uganda,WEST AFRICA,Tier 3,8,World Star Betting,57950,1210000,0.46,Tier3_Top15_26_06(P2)_Blask_iGamingNews.pdf
2026-06-26,Uganda,WEST AFRICA,Tier 3,9,Kagwirawo,41340,566220,0.29,Tier3_Top15_26_06(P2)_Blask_iGamingNews.pdf
2026-06-26,Uganda,WEST AFRICA,Tier 3,10,22bet,35960,510530,0.23,Tier3_Top15_26_06(P2)_Blask_iGamingNews.pdf
2026-06-26,Uganda,WEST AFRICA,Tier 3,11,1xBet,27800,441560,0.18,Tier3_Top15_26_06(P2)_Blask_iGamingNews.pdf
2026-06-26,Uganda,WEST AFRICA,Tier 3,12,SemaBet,19070,377310,0.12,Tier3_Top15_26_06(P2)_Blask_iGamingNews.pdf
2026-06-26,Uganda,WEST AFRICA,Tier 3,13,Premier Bet,18580,291950,0.12,Tier3_Top15_26_06(P2)_Blask_iGamingNews.pdf
2026-06-26,Uganda,WEST AFRICA,Tier 3,14,SportyBet,18480,469480,0.12,Tier3_Top15_26_06(P2)_Blask_iGamingNews.pdf
2026-06-26,Uganda,WEST AFRICA,Tier 3,15,SlotsUG,10500,150970,0.07,Tier3_Top15_26_06(P2)_Blask_iGamingNews.pdf
2026-06-26,Colombia,LATAM,Tier 3,1,BetPlay,2590000,256730000,54.81,Tier3_Top15_26_06(P2)_Blask_iGamingNews.pdf
2026-06-26,Colombia,LATAM,Tier 3,2,Rushbet,886710,117840000,18.71,Tier3_Top15_26_06(P2)_Blask_iGamingNews.pdf
2026-06-26,Colombia,LATAM,Tier 3,3,Wplay,617730,58290000,12.83,Tier3_Top15_26_06(P2)_Blask_iGamingNews.pdf
2026-06-26,Colombia,LATAM,Tier 3,4,YaJuego,123490,11620000,2.17,Tier3_Top15_26_06(P2)_Blask_iGamingNews.pdf
2026-06-26,Colombia,LATAM,Tier 3,5,Betsson,93600,75710000,1.56,Tier3_Top15_26_06(P2)_Blask_iGamingNews.pdf
2026-06-26,Colombia,LATAM,Tier 3,6,Betano,87520,3840000,1.52,Tier3_Top15_26_06(P2)_Blask_iGamingNews.pdf
2026-06-26,Colombia,LATAM,Tier 3,7,Stake,76870,4680000,1.2,Tier3_Top15_26_06(P2)_Blask_iGamingNews.pdf
2026-06-26,Colombia,LATAM,Tier 3,8,bwin,63130,4580000,0.9,Tier3_Top15_26_06(P2)_Blask_iGamingNews.pdf
2026-06-26,Colombia,LATAM,Tier 3,9,Luckia,59950,4260000,0.83,Tier3_Top15_26_06(P2)_Blask_iGamingNews.pdf
2026-06-26,Colombia,LATAM,Tier 3,10,Sportium,60270,39980000,0.83,Tier3_Top15_26_06(P2)_Blask_iGamingNews.pdf
2026-06-26,Colombia,LATAM,Tier 3,11,Codere,59340,13090000,0.82,Tier3_Top15_26_06(P2)_Blask_iGamingNews.pdf
2026-06-26,Colombia,LATAM,Tier 3,12,1win,48880,9560000,0.62,Tier3_Top15_26_06(P2)_Blask_iGamingNews.pdf
2026-06-26,Colombia,LATAM,Tier 3,13,Jojobet,31650,2520000,0.59,Tier3_Top15_26_06(P2)_Blask_iGamingNews.pdf
2026-06-26,Colombia,LATAM,Tier 3,14,JuegaEnLinea,26630,5310000,0.31,Tier3_Top15_26_06(P2)_Blask_iGamingNews.pdf
2026-06-26,Colombia,LATAM,Tier 3,15,betPawa,25850,3460000,0.31,Tier3_Top15_26_06(P2)_Blask_iGamingNews.pdf
2026-06-26,Ghana,WEST AFRICA,Tier 3,1,SportyBet,1660000,35870000,53.09,Tier3_Top15_26_06(P2)_Blask_iGamingNews.pdf
2026-06-26,Ghana,WEST AFRICA,Tier 3,2,Betway,703950,21790000,21.49,Tier3_Top15_26_06(P2)_Blask_iGamingNews.pdf
2026-06-26,Ghana,WEST AFRICA,Tier 3,3,betPawa,183620,5470000,5.13,Tier3_Top15_26_06(P2)_Blask_iGamingNews.pdf
2026-06-26,Ghana,WEST AFRICA,Tier 3,4,MSport,177960,4000000,5.05,Tier3_Top15_26_06(P2)_Blask_iGamingNews.pdf
2026-06-26,Ghana,WEST AFRICA,Tier 3,5,SoccaBet,138360,4080000,3.72,Tier3_Top15_26_06(P2)_Blask_iGamingNews.pdf
2026-06-26,Ghana,WEST AFRICA,Tier 3,6,LuckyWin,121490,2250000,3.27,Tier3_Top15_26_06(P2)_Blask_iGamingNews.pdf
2026-06-26,Ghana,WEST AFRICA,Tier 3,7,Football.com,83070,1400000,2.04,Tier3_Top15_26_06(P2)_Blask_iGamingNews.pdf
2026-06-26,Ghana,WEST AFRICA,Tier 3,8,Bangbet,48290,974450,0.94,Tier3_Top15_26_06(P2)_Blask_iGamingNews.pdf
2026-06-26,Ghana,WEST AFRICA,Tier 3,9,PrideSpins,36770,586340,0.68,Tier3_Top15_26_06(P2)_Blask_iGamingNews.pdf
2026-06-26,Ghana,WEST AFRICA,Tier 3,10,1win,33890,628110,0.64,Tier3_Top15_26_06(P2)_Blask_iGamingNews.pdf
2026-06-26,Ghana,WEST AFRICA,Tier 3,11,1xBet,32670,899050,0.61,Tier3_Top15_26_06(P2)_Blask_iGamingNews.pdf
2026-06-26,Ghana,WEST AFRICA,Tier 3,12,iLOT Bet,29460,509880,0.55,Tier3_Top15_26_06(P2)_Blask_iGamingNews.pdf
2026-06-26,Ghana,WEST AFRICA,Tier 3,13,Betika,25800,561870,0.48,Tier3_Top15_26_06(P2)_Blask_iGamingNews.pdf
2026-06-26,Ghana,WEST AFRICA,Tier 3,14,BetFox,19520,425070,0.37,Tier3_Top15_26_06(P2)_Blask_iGamingNews.pdf
2026-06-26,Ghana,WEST AFRICA,Tier 3,15,My Bet Africa,12560,345210,0.23,Tier3_Top15_26_06(P2)_Blask_iGamingNews.pdf
2026-02-27,India,INDIA,Tier 3,1,Stake,1970000,573660000,11.44,Tier3_Top15_27_02_Blask_iGamingNews.pdf
2026-02-27,India,INDIA,Tier 3,2,4RABET,1840000,440650000,10.73,Tier3_Top15_27_02_Blask_iGamingNews.pdf
2026-02-27,India,INDIA,Tier 3,3,Winmatch,1550000,371610000,9.01,Tier3_Top15_27_02_Blask_iGamingNews.pdf
2026-02-27,India,INDIA,Tier 3,4,Dafabet,1520000,469380000,8.84,Tier3_Top15_27_02_Blask_iGamingNews.pdf
2026-02-27,India,INDIA,Tier 3,5,Parimatch,1300000,370950000,7.49,Tier3_Top15_27_02_Blask_iGamingNews.pdf
2026-02-27,India,INDIA,Tier 3,6,Khelo24bet,1110000,279830000,6.39,Tier3_Top15_27_02_Blask_iGamingNews.pdf
2026-02-27,India,INDIA,Tier 3,7,1Bet,685330,172020000,3.92,Tier3_Top15_27_02_Blask_iGamingNews.pdf
2026-02-27,India,INDIA,Tier 3,8,1xBet,684740,185160000,3.91,Tier3_Top15_27_02_Blask_iGamingNews.pdf
2026-02-27,India,INDIA,Tier 3,9,BC.Game,455120,125430000,2.54,Tier3_Top15_27_02_Blask_iGamingNews.pdf
2026-02-27,India,INDIA,Tier 3,10,Skyexch,364080,111710000,2.02,Tier3_Top15_27_02_Blask_iGamingNews.pdf
2026-02-27,India,INDIA,Tier 3,11,Winexch,341260,75430000,1.89,Tier3_Top15_27_02_Blask_iGamingNews.pdf
2026-02-27,India,INDIA,Tier 3,12,Batery,333830,88630000,1.84,Tier3_Top15_27_02_Blask_iGamingNews.pdf
2026-02-27,India,INDIA,Tier 3,13,IPLwin,326400,86120000,1.79,Tier3_Top15_27_02_Blask_iGamingNews.pdf
2026-02-27,India,INDIA,Tier 3,14,1win,315380,82260000,1.73,Tier3_Top15_27_02_Blask_iGamingNews.pdf
2026-02-27,India,INDIA,Tier 3,15,Play In Exchange,290550,66000000,1.59,Tier3_Top15_27_02_Blask_iGamingNews.pdf
2026-02-27,Mexico,LATAM,Tier 3,1,Caliente,919320,357480000,31.57,Tier3_Top15_27_02_Blask_iGamingNews.pdf
2026-02-27,Mexico,LATAM,Tier 3,2,BetMexico,316830,109040000,10.33,Tier3_Top15_27_02_Blask_iGamingNews.pdf
2026-02-27,Mexico,LATAM,Tier 3,3,Bet365,231640,106760000,7.16,Tier3_Top15_27_02_Blask_iGamingNews.pdf
2026-02-27,Mexico,LATAM,Tier 3,4,Codere,200190,132780000,6.24,Tier3_Top15_27_02_Blask_iGamingNews.pdf
2026-02-27,Mexico,LATAM,Tier 3,5,Playdoit,153420,61910000,4.67,Tier3_Top15_27_02_Blask_iGamingNews.pdf
2026-02-27,Mexico,LATAM,Tier 3,6,Betmaster,115620,37150000,3.36,Tier3_Top15_27_02_Blask_iGamingNews.pdf
2026-02-27,Mexico,LATAM,Tier 3,7,Rushbet,107070,37310000,3.02,Tier3_Top15_27_02_Blask_iGamingNews.pdf
2026-02-27,Mexico,LATAM,Tier 3,8,Betano,103040,33940000,2.99,Tier3_Top15_27_02_Blask_iGamingNews.pdf
2026-02-27,Mexico,LATAM,Tier 3,9,AFun (MX),95370,26570000,2.84,Tier3_Top15_27_02_Blask_iGamingNews.pdf
2026-02-27,Mexico,LATAM,Tier 3,10,Brazino777,90160,28300000,2.51,Tier3_Top15_27_02_Blask_iGamingNews.pdf
2026-02-27,Mexico,LATAM,Tier 3,11,Novibet,86170,28920000,2.35,Tier3_Top15_27_02_Blask_iGamingNews.pdf
2026-02-27,Mexico,LATAM,Tier 3,12,Winpot,87940,32330000,2.3,Tier3_Top15_27_02_Blask_iGamingNews.pdf
2026-02-27,Mexico,LATAM,Tier 3,13,Betway,66900,26640000,1.59,Tier3_Top15_27_02_Blask_iGamingNews.pdf
2026-02-27,Mexico,LATAM,Tier 3,14,Sportium,67140,23570000,1.59,Tier3_Top15_27_02_Blask_iGamingNews.pdf
2026-02-27,Mexico,LATAM,Tier 3,15,BetVip,60050,17700000,1.51,Tier3_Top15_27_02_Blask_iGamingNews.pdf
2026-02-27,Chile,LATAM,Tier 3,1,Betano,1400000,439090000,50.28,Tier3_Top15_27_02_Blask_iGamingNews.pdf
2026-02-27,Chile,LATAM,Tier 3,2,JugaBet,298410,78000000,10.74,Tier3_Top15_27_02_Blask_iGamingNews.pdf
2026-02-27,Chile,LATAM,Tier 3,3,Coolbet,248910,91580000,8.19,Tier3_Top15_27_02_Blask_iGamingNews.pdf
2026-02-27,Chile,LATAM,Tier 3,4,Betsson,130220,47660000,3.98,Tier3_Top15_27_02_Blask_iGamingNews.pdf
2026-02-27,Chile,LATAM,Tier 3,5,WinChile,101860,35310000,2.85,Tier3_Top15_27_02_Blask_iGamingNews.pdf
2026-02-27,Chile,LATAM,Tier 3,6,1win,94760,28240000,2.69,Tier3_Top15_27_02_Blask_iGamingNews.pdf
2026-02-27,Chile,LATAM,Tier 3,7,Rojabet,81380,31430000,2.11,Tier3_Top15_27_02_Blask_iGamingNews.pdf
2026-02-27,Chile,LATAM,Tier 3,8,Micasino,78490,30610000,1.91,Tier3_Top15_27_02_Blask_iGamingNews.pdf
2026-02-27,Chile,LATAM,Tier 3,9,Stake,57010,15510000,1.37,Tier3_Top15_27_02_Blask_iGamingNews.pdf
2026-02-27,Chile,LATAM,Tier 3,10,1xBet,57940,20940000,1.36,Tier3_Top15_27_02_Blask_iGamingNews.pdf
2026-02-27,Chile,LATAM,Tier 3,11,Casino en Chile,55040,18140000,1.29,Tier3_Top15_27_02_Blask_iGamingNews.pdf
2026-02-27,Chile,LATAM,Tier 3,12,Epicbet,49030,12280000,1.21,Tier3_Top15_27_02_Blask_iGamingNews.pdf
2026-02-27,Chile,LATAM,Tier 3,13,Pin Up,41920,11200000,0.97,Tier3_Top15_27_02_Blask_iGamingNews.pdf
2026-02-27,Chile,LATAM,Tier 3,14,Betsala,42500,13500000,0.94,Tier3_Top15_27_02_Blask_iGamingNews.pdf
2026-02-27,Chile,LATAM,Tier 3,15,Juegalo,37260,12300000,0.82,Tier3_Top15_27_02_Blask_iGamingNews.pdf
2026-02-27,Nigeria,WEST AFRICA,Tier 3,1,Bet9ja,4450000,264790000,37.82,Tier3_Top15_27_02_Blask_iGamingNews.pdf
2026-02-27,Nigeria,WEST AFRICA,Tier 3,2,SportyBet,4170000,202530000,35.5,Tier3_Top15_27_02_Blask_iGamingNews.pdf
2026-02-27,Nigeria,WEST AFRICA,Tier 3,3,BetKing,1470000,65470000,12.59,Tier3_Top15_27_02_Blask_iGamingNews.pdf
2026-02-27,Nigeria,WEST AFRICA,Tier 3,4,MSport,627820,33730000,5.15,Tier3_Top15_27_02_Blask_iGamingNews.pdf
2026-02-27,Nigeria,WEST AFRICA,Tier 3,5,betPawa,188820,16680000,1.42,Tier3_Top15_27_02_Blask_iGamingNews.pdf
2026-02-27,Nigeria,WEST AFRICA,Tier 3,6,Football.com,140530,6000000,1.04,Tier3_Top15_27_02_Blask_iGamingNews.pdf
2026-02-27,Nigeria,WEST AFRICA,Tier 3,7,iLOT Bet,133820,6850000,0.96,Tier3_Top15_27_02_Blask_iGamingNews.pdf
2026-02-27,Nigeria,WEST AFRICA,Tier 3,8,1xBet,123740,8100000,0.87,Tier3_Top15_27_02_Blask_iGamingNews.pdf
2026-02-27,Nigeria,WEST AFRICA,Tier 3,9,Betway,109890,7230000,0.75,Tier3_Top15_27_02_Blask_iGamingNews.pdf
2026-02-27,Nigeria,WEST AFRICA,Tier 3,10,Betano,108720,5740000,0.74,Tier3_Top15_27_02_Blask_iGamingNews.pdf
2026-02-27,Nigeria,WEST AFRICA,Tier 3,11,Bangbet,90260,4990000,0.59,Tier3_Top15_27_02_Blask_iGamingNews.pdf
2026-02-27,Nigeria,WEST AFRICA,Tier 3,12,BC.Game,63840,3300000,0.36,Tier3_Top15_27_02_Blask_iGamingNews.pdf
2026-02-27,Nigeria,WEST AFRICA,Tier 3,13,Stake,52190,2360000,0.27,Tier3_Top15_27_02_Blask_iGamingNews.pdf
2026-02-27,Nigeria,WEST AFRICA,Tier 3,14,Easywin,43670,1830000,0.23,Tier3_Top15_27_02_Blask_iGamingNews.pdf
2026-02-27,Nigeria,WEST AFRICA,Tier 3,15,PariPesa,36400,2080000,0.16,Tier3_Top15_27_02_Blask_iGamingNews.pdf
2026-03-27,India,INDIA,Tier 3,1,Stake,1870000,550190000,10.67,Tier3_Top15_27_03(P1)_Blask_iGamingNews.pdf
2026-03-27,India,INDIA,Tier 3,2,4RABET,1830000,449660000,10.53,Tier3_Top15_27_03(P1)_Blask_iGamingNews.pdf
2026-03-27,India,INDIA,Tier 3,3,Dafabet,1540000,471300000,8.83,Tier3_Top15_27_03(P1)_Blask_iGamingNews.pdf
2026-03-27,India,INDIA,Tier 3,4,Winmatch,1530000,374490000,8.73,Tier3_Top15_27_03(P1)_Blask_iGamingNews.pdf
2026-03-27,India,INDIA,Tier 3,5,Parimatch,1320000,369960000,7.56,Tier3_Top15_27_03(P1)_Blask_iGamingNews.pdf
2026-03-27,India,INDIA,Tier 3,6,Khelo24bet,1040000,274190000,5.85,Tier3_Top15_27_03(P1)_Blask_iGamingNews.pdf
2026-03-27,India,INDIA,Tier 3,7,Skyexch,727980,146560000,4.17,Tier3_Top15_27_03(P1)_Blask_iGamingNews.pdf
2026-03-27,India,INDIA,Tier 3,8,1Bet,714130,176840000,4.04,Tier3_Top15_27_03(P1)_Blask_iGamingNews.pdf
2026-03-27,India,INDIA,Tier 3,9,1xBet,680080,185510000,3.82,Tier3_Top15_27_03(P1)_Blask_iGamingNews.pdf
2026-03-27,India,INDIA,Tier 3,10,BC.Game,431670,122120000,2.36,Tier3_Top15_27_03(P1)_Blask_iGamingNews.pdf
2026-03-27,India,INDIA,Tier 3,11,Winexch,341000,77720000,1.86,Tier3_Top15_27_03(P1)_Blask_iGamingNews.pdf
2026-03-27,India,INDIA,Tier 3,12,IPLwin,337600,87770000,1.84,Tier3_Top15_27_03(P1)_Blask_iGamingNews.pdf
2026-03-27,India,INDIA,Tier 3,13,Batery,333480,88930000,1.81,Tier3_Top15_27_03(P1)_Blask_iGamingNews.pdf
2026-03-27,India,INDIA,Tier 3,14,1win,324420,83500000,1.76,Tier3_Top15_27_03(P1)_Blask_iGamingNews.pdf
2026-03-27,India,INDIA,Tier 3,15,Play In Exchange,300970,68730000,1.63,Tier3_Top15_27_03(P1)_Blask_iGamingNews.pdf
2026-03-27,Mexico,LATAM,Tier 3,1,Caliente,901010,905400000,29.62,Tier3_Top15_27_03(P1)_Blask_iGamingNews.pdf
2026-03-27,Mexico,LATAM,Tier 3,2,BetMexico,317940,77350000,9.95,Tier3_Top15_27_03(P1)_Blask_iGamingNews.pdf
2026-03-27,Mexico,LATAM,Tier 3,3,Bet365,220980,156550000,6.45,Tier3_Top15_27_03(P1)_Blask_iGamingNews.pdf
2026-03-27,Mexico,LATAM,Tier 3,4,Codere,200300,139910000,5.99,Tier3_Top15_27_03(P1)_Blask_iGamingNews.pdf
2026-03-27,Mexico,LATAM,Tier 3,5,Playdoit,156270,81780000,4.61,Tier3_Top15_27_03(P1)_Blask_iGamingNews.pdf
2026-03-27,Mexico,LATAM,Tier 3,6,Betmaster,117920,28500000,3.29,Tier3_Top15_27_03(P1)_Blask_iGamingNews.pdf
2026-03-27,Mexico,LATAM,Tier 3,7,AFun (MX),102910,17420000,2.99,Tier3_Top15_27_03(P1)_Blask_iGamingNews.pdf
2026-03-27,Mexico,LATAM,Tier 3,8,Rushbet,108720,32560000,2.97,Tier3_Top15_27_03(P1)_Blask_iGamingNews.pdf
2026-03-27,Mexico,LATAM,Tier 3,9,Betano,98190,49660000,2.69,Tier3_Top15_27_03(P1)_Blask_iGamingNews.pdf
2026-03-27,Mexico,LATAM,Tier 3,10,Brazino777,93670,23000000,2.54,Tier3_Top15_27_03(P1)_Blask_iGamingNews.pdf
2026-03-27,Mexico,LATAM,Tier 3,11,Novibet,89320,41060000,2.38,Tier3_Top15_27_03(P1)_Blask_iGamingNews.pdf
2026-03-27,Mexico,LATAM,Tier 3,12,Winpot,89040,30930000,2.27,Tier3_Top15_27_03(P1)_Blask_iGamingNews.pdf
2026-03-27,Mexico,LATAM,Tier 3,13,MexBoss,77000,12390000,1.94,Tier3_Top15_27_03(P1)_Blask_iGamingNews.pdf
2026-03-27,Mexico,LATAM,Tier 3,14,Betway,68210,26900000,1.58,Tier3_Top15_27_03(P1)_Blask_iGamingNews.pdf
2026-03-27,Mexico,LATAM,Tier 3,15,Sportium,67880,23140000,1.57,Tier3_Top15_27_03(P1)_Blask_iGamingNews.pdf
2026-03-27,Chile,LATAM,Tier 3,1,Betano,1430000,447010000,48.95,Tier3_Top15_27_03(P1)_Blask_iGamingNews.pdf
2026-03-27,Chile,LATAM,Tier 3,2,JugaBet,316900,83530000,10.88,Tier3_Top15_27_03(P1)_Blask_iGamingNews.pdf
2026-03-27,Chile,LATAM,Tier 3,3,Coolbet,249090,88000000,7.83,Tier3_Top15_27_03(P1)_Blask_iGamingNews.pdf
2026-03-27,Chile,LATAM,Tier 3,4,Betsson,131700,46020000,3.86,Tier3_Top15_27_03(P1)_Blask_iGamingNews.pdf
2026-03-27,Chile,LATAM,Tier 3,5,Novibet,111970,35030000,3.16,Tier3_Top15_27_03(P1)_Blask_iGamingNews.pdf
2026-03-27,Chile,LATAM,Tier 3,6,WinChile,99780,34300000,2.66,Tier3_Top15_27_03(P1)_Blask_iGamingNews.pdf
2026-03-27,Chile,LATAM,Tier 3,7,1win,96920,28910000,2.65,Tier3_Top15_27_03(P1)_Blask_iGamingNews.pdf
2026-03-27,Chile,LATAM,Tier 3,8,Rojabet,79840,30100000,1.97,Tier3_Top15_27_03(P1)_Blask_iGamingNews.pdf
2026-03-27,Chile,LATAM,Tier 3,9,Micasino,75680,29700000,1.77,Tier3_Top15_27_03(P1)_Blask_iGamingNews.pdf
2026-03-27,Chile,LATAM,Tier 3,10,Stake,58180,16110000,1.33,Tier3_Top15_27_03(P1)_Blask_iGamingNews.pdf
2026-03-27,Chile,LATAM,Tier 3,11,1xBet,56170,19930000,1.23,Tier3_Top15_27_03(P1)_Blask_iGamingNews.pdf
2026-03-27,Chile,LATAM,Tier 3,12,Epicbet,51880,13300000,1.22,Tier3_Top15_27_03(P1)_Blask_iGamingNews.pdf
2026-03-27,Chile,LATAM,Tier 3,13,Casino en Chile,54280,17700000,1.19,Tier3_Top15_27_03(P1)_Blask_iGamingNews.pdf
2026-03-27,Chile,LATAM,Tier 3,14,Pin Up,44740,11830000,0.99,Tier3_Top15_27_03(P1)_Blask_iGamingNews.pdf
2026-03-27,Chile,LATAM,Tier 3,15,Betsala,41400,13520000,0.86,Tier3_Top15_27_03(P1)_Blask_iGamingNews.pdf
2026-03-27,Nigeria,WEST AFRICA,Tier 3,1,Bet9ja,4650000,273830000,37.41,Tier3_Top15_27_03(P1)_Blask_iGamingNews.pdf
2026-03-27,Nigeria,WEST AFRICA,Tier 3,2,SportyBet,4430000,213100000,35.76,Tier3_Top15_27_03(P1)_Blask_iGamingNews.pdf
2026-03-27,Nigeria,WEST AFRICA,Tier 3,3,BetKing,1620000,71800000,13.11,Tier3_Top15_27_03(P1)_Blask_iGamingNews.pdf
2026-03-27,Nigeria,WEST AFRICA,Tier 3,4,MSport,645050,34530000,5.02,Tier3_Top15_27_03(P1)_Blask_iGamingNews.pdf
2026-03-27,Nigeria,WEST AFRICA,Tier 3,5,betPawa,192660,16760000,1.37,Tier3_Top15_27_03(P1)_Blask_iGamingNews.pdf
2026-03-27,Nigeria,WEST AFRICA,Tier 3,6,Football.com,152010,6540000,1.07,Tier3_Top15_27_03(P1)_Blask_iGamingNews.pdf
2026-03-27,Nigeria,WEST AFRICA,Tier 3,7,iLOT Bet,139370,7040000,0.95,Tier3_Top15_27_03(P1)_Blask_iGamingNews.pdf
2026-03-27,Nigeria,WEST AFRICA,Tier 3,8,1xBet,124610,8130000,0.83,Tier3_Top15_27_03(P1)_Blask_iGamingNews.pdf
2026-03-27,Nigeria,WEST AFRICA,Tier 3,9,Betway,110730,7260000,0.72,Tier3_Top15_27_03(P1)_Blask_iGamingNews.pdf
2026-03-27,Nigeria,WEST AFRICA,Tier 3,10,Betano,108300,5740000,0.69,Tier3_Top15_27_03(P1)_Blask_iGamingNews.pdf
2026-03-27,Nigeria,WEST AFRICA,Tier 3,11,Bangbet,92250,5080000,0.57,Tier3_Top15_27_03(P1)_Blask_iGamingNews.pdf
2026-03-27,Nigeria,WEST AFRICA,Tier 3,12,BC.Game,64100,3340000,0.34,Tier3_Top15_27_03(P1)_Blask_iGamingNews.pdf
2026-03-27,Nigeria,WEST AFRICA,Tier 3,13,Stake,53290,2470000,0.26,Tier3_Top15_27_03(P1)_Blask_iGamingNews.pdf
2026-03-27,Nigeria,WEST AFRICA,Tier 3,14,Easywin,48280,2020000,0.24,Tier3_Top15_27_03(P1)_Blask_iGamingNews.pdf
2026-03-27,Nigeria,WEST AFRICA,Tier 3,15,1win,37870,1590000,0.17,Tier3_Top15_27_03(P1)_Blask_iGamingNews.pdf
2026-03-27,Ghana,WEST AFRICA,Tier 3,1,SportyBet,1630000,20230000,51.42,Tier3_Top15_27_03(P2)_Blask_iGamingNews.pdf
2026-03-27,Ghana,WEST AFRICA,Tier 3,2,Betway,757830,12610000,23.51,Tier3_Top15_27_03(P2)_Blask_iGamingNews.pdf
2026-03-27,Ghana,WEST AFRICA,Tier 3,3,betPawa,189180,3170000,5.32,Tier3_Top15_27_03(P2)_Blask_iGamingNews.pdf
2026-03-27,Ghana,WEST AFRICA,Tier 3,4,MSport,176940,2260000,5.0,Tier3_Top15_27_03(P2)_Blask_iGamingNews.pdf
2026-03-27,Ghana,WEST AFRICA,Tier 3,5,SoccaBet,141960,2340000,3.86,Tier3_Top15_27_03(P2)_Blask_iGamingNews.pdf
2026-03-27,Ghana,WEST AFRICA,Tier 3,6,LuckyWin,113790,1220000,2.97,Tier3_Top15_27_03(P2)_Blask_iGamingNews.pdf
2026-03-27,Ghana,WEST AFRICA,Tier 3,7,Football.com,77690,707750,1.91,Tier3_Top15_27_03(P2)_Blask_iGamingNews.pdf
2026-03-27,Ghana,WEST AFRICA,Tier 3,8,Bangbet,43640,515100,0.84,Tier3_Top15_27_03(P2)_Blask_iGamingNews.pdf
2026-03-27,Ghana,WEST AFRICA,Tier 3,9,1xBet,34860,526140,0.65,Tier3_Top15_27_03(P2)_Blask_iGamingNews.pdf
2026-03-27,Ghana,WEST AFRICA,Tier 3,10,1win,33800,354430,0.63,Tier3_Top15_27_03(P2)_Blask_iGamingNews.pdf
2026-03-27,Ghana,WEST AFRICA,Tier 3,11,PrideSpins,32240,280610,0.6,Tier3_Top15_27_03(P2)_Blask_iGamingNews.pdf
2026-03-27,Ghana,WEST AFRICA,Tier 3,12,iLOT Bet,28200,263870,0.53,Tier3_Top15_27_03(P2)_Blask_iGamingNews.pdf
2026-03-27,Ghana,WEST AFRICA,Tier 3,13,Betika,26900,318840,0.5,Tier3_Top15_27_03(P2)_Blask_iGamingNews.pdf
2026-03-27,Ghana,WEST AFRICA,Tier 3,14,BetFox,19840,244540,0.37,Tier3_Top15_27_03(P2)_Blask_iGamingNews.pdf
2026-03-27,Ghana,WEST AFRICA,Tier 3,15,WinwinGame,15570,149810,0.29,Tier3_Top15_27_03(P2)_Blask_iGamingNews.pdf
2026-03-27,Uganda,WEST AFRICA,Tier 3,1,betPawa,5390000,78770000,68.27,Tier3_Top15_27_03(P2)_Blask_iGamingNews.pdf
2026-03-27,Uganda,WEST AFRICA,Tier 3,2,Fortebet,1710000,25940000,21.26,Tier3_Top15_27_03(P2)_Blask_iGamingNews.pdf
2026-03-27,Uganda,WEST AFRICA,Tier 3,3,Betika,310170,3370000,3.75,Tier3_Top15_27_03(P2)_Blask_iGamingNews.pdf
2026-03-27,Uganda,WEST AFRICA,Tier 3,4,AbaBet,215090,4010000,2.45,Tier3_Top15_27_03(P2)_Blask_iGamingNews.pdf
2026-03-27,Uganda,WEST AFRICA,Tier 3,5,BongoBongo,99060,1610000,0.98,Tier3_Top15_27_03(P2)_Blask_iGamingNews.pdf
2026-03-27,Uganda,WEST AFRICA,Tier 3,6,Gal Sport Betting,80630,1220000,0.76,Tier3_Top15_27_03(P2)_Blask_iGamingNews.pdf
2026-03-27,Uganda,WEST AFRICA,Tier 3,7,Champion Bet,74340,1030000,0.69,Tier3_Top15_27_03(P2)_Blask_iGamingNews.pdf
2026-03-27,Uganda,WEST AFRICA,Tier 3,8,World Sport Betting,43200,692220,0.29,Tier3_Top15_27_03(P2)_Blask_iGamingNews.pdf
2026-03-27,Uganda,WEST AFRICA,Tier 3,9,Kagwirawo,39030,528920,0.28,Tier3_Top15_27_03(P2)_Blask_iGamingNews.pdf
2026-03-27,Uganda,WEST AFRICA,Tier 3,10,22bet,36990,526610,0.24,Tier3_Top15_27_03(P2)_Blask_iGamingNews.pdf
2026-03-27,Uganda,WEST AFRICA,Tier 3,11,SemaBet,28310,492360,0.19,Tier3_Top15_27_03(P2)_Blask_iGamingNews.pdf
2026-03-27,Uganda,WEST AFRICA,Tier 3,12,1xBet,28590,429390,0.19,Tier3_Top15_27_03(P2)_Blask_iGamingNews.pdf
2026-03-27,Uganda,WEST AFRICA,Tier 3,13,Premier Bet,18950,283520,0.12,Tier3_Top15_27_03(P2)_Blask_iGamingNews.pdf
2026-03-27,Uganda,WEST AFRICA,Tier 3,14,SportyBet,18030,477260,0.12,Tier3_Top15_27_03(P2)_Blask_iGamingNews.pdf
2026-03-27,Uganda,WEST AFRICA,Tier 3,15,SlotsUG,9930,143600,0.07,Tier3_Top15_27_03(P2)_Blask_iGamingNews.pdf
2026-03-27,Colombia,LATAM,Tier 3,1,BetPlay,2710000,321660000,58.14,Tier3_Top15_27_03(P2)_Blask_iGamingNews.pdf
2026-03-27,Colombia,LATAM,Tier 3,2,Rushbet,848650,112210000,18.31,Tier3_Top15_27_03(P2)_Blask_iGamingNews.pdf
2026-03-27,Colombia,LATAM,Tier 3,3,Wplay,578760,56320000,12.19,Tier3_Top15_27_03(P2)_Blask_iGamingNews.pdf
2026-03-27,Colombia,LATAM,Tier 3,4,YaJuego,127700,14040000,2.33,Tier3_Top15_27_03(P2)_Blask_iGamingNews.pdf
2026-03-27,Colombia,LATAM,Tier 3,5,Betsson,90510,7350000,1.52,Tier3_Top15_27_03(P2)_Blask_iGamingNews.pdf
2026-03-27,Colombia,LATAM,Tier 3,6,Stake,73680,5650000,1.15,Tier3_Top15_27_03(P2)_Blask_iGamingNews.pdf
2026-03-27,Colombia,LATAM,Tier 3,7,Betano,61300,3620000,0.95,Tier3_Top15_27_03(P2)_Blask_iGamingNews.pdf
2026-03-27,Colombia,LATAM,Tier 3,8,bwin,62230,5350000,0.91,Tier3_Top15_27_03(P2)_Blask_iGamingNews.pdf
2026-03-27,Colombia,LATAM,Tier 3,9,Sportium,62210,41010000,0.88,Tier3_Top15_27_03(P2)_Blask_iGamingNews.pdf
2026-03-27,Colombia,LATAM,Tier 3,10,Luckia,60310,4990000,0.84,Tier3_Top15_27_03(P2)_Blask_iGamingNews.pdf
2026-03-27,Colombia,LATAM,Tier 3,11,Codere,56160,13070000,0.76,Tier3_Top15_27_03(P2)_Blask_iGamingNews.pdf
2026-03-27,Colombia,LATAM,Tier 3,12,1win,52500,9960000,0.71,Tier3_Top15_27_03(P2)_Blask_iGamingNews.pdf
2026-03-27,Colombia,LATAM,Tier 3,13,Rivalo,27550,2880000,0.33,Tier3_Top15_27_03(P2)_Blask_iGamingNews.pdf
2026-03-27,Colombia,LATAM,Tier 3,14,1xBet,24970,5120000,0.29,Tier3_Top15_27_03(P2)_Blask_iGamingNews.pdf
2026-03-27,Colombia,LATAM,Tier 3,15,Zamba,21580,3230000,0.26,Tier3_Top15_27_03(P2)_Blask_iGamingNews.pdf
2026-08-28,India,INDIA,Tier 3,1,Parimatch,11650000,408230000,10.67,Tier3_Top15_28_08_Blask_iGamingNews.pdf
2026-08-28,India,INDIA,Tier 3,2,4RABET,11250000,435000000,10.16,Tier3_Top15_28_08_Blask_iGamingNews.pdf
2026-08-28,India,INDIA,Tier 3,3,Dafabet,10130000,456140000,9.17,Tier3_Top15_28_08_Blask_iGamingNews.pdf
2026-08-28,India,INDIA,Tier 3,4,Winmatch,10110000,361990000,9.15,Tier3_Top15_28_08_Blask_iGamingNews.pdf
2026-08-28,India,INDIA,Tier 3,5,Stake,6920000,357410000,6.08,Tier3_Top15_28_08_Blask_iGamingNews.pdf
2026-08-28,India,INDIA,Tier 3,6,Skyexch,4380000,167550000,3.96,Tier3_Top15_28_08_Blask_iGamingNews.pdf
2026-08-28,India,INDIA,Tier 3,7,1Bet,4410000,169180000,3.9,Tier3_Top15_28_08_Blask_iGamingNews.pdf
2026-08-28,India,INDIA,Tier 3,8,1xBet,4000000,168060000,3.52,Tier3_Top15_28_08_Blask_iGamingNews.pdf
2026-08-28,India,INDIA,Tier 3,9,Khelo24bet,3890000,195370000,3.35,Tier3_Top15_28_08_Blask_iGamingNews.pdf
2026-08-28,India,INDIA,Tier 3,10,IPLwin,2820000,98280000,2.47,Tier3_Top15_28_08_Blask_iGamingNews.pdf
2026-08-28,India,INDIA,Tier 3,11,1win,2480000,88900000,2.14,Tier3_Top15_28_08_Blask_iGamingNews.pdf
2026-08-28,India,INDIA,Tier 3,12,Batery,2330000,88520000,2.0,Tier3_Top15_28_08_Blask_iGamingNews.pdf
2026-08-28,India,INDIA,Tier 3,13,Play In Exchange,2280000,76900000,1.96,Tier3_Top15_28_08_Blask_iGamingNews.pdf
2026-08-28,India,INDIA,Tier 3,14,Jojobet,2100000,39570000,1.93,Tier3_Top15_28_08_Blask_iGamingNews.pdf
2026-08-28,India,INDIA,Tier 3,15,Winexch,2120000,75900000,1.8,Tier3_Top15_28_08_Blask_iGamingNews.pdf
2026-08-28,Mexico,LATAM,Tier 3,1,Caliente,4860000,1010000000,28.74,Tier3_Top15_28_08_Blask_iGamingNews.pdf
2026-08-28,Mexico,LATAM,Tier 3,2,BetMexico,1750000,255400000,9.89,Tier3_Top15_28_08_Blask_iGamingNews.pdf
2026-08-28,Mexico,LATAM,Tier 3,3,Playdoit,1010000,128700000,5.61,Tier3_Top15_28_08_Blask_iGamingNews.pdf
2026-08-28,Mexico,LATAM,Tier 3,4,Codere,1050000,157950000,5.59,Tier3_Top15_28_08_Blask_iGamingNews.pdf
2026-08-28,Mexico,LATAM,Tier 3,5,AFun (MX),741560,91280000,4.01,Tier3_Top15_28_08_Blask_iGamingNews.pdf
2026-08-28,Mexico,LATAM,Tier 3,6,Bet365,827480,198690000,3.99,Tier3_Top15_28_08_Blask_iGamingNews.pdf
2026-08-28,Mexico,LATAM,Tier 3,7,Betmaster,678070,93970000,3.46,Tier3_Top15_28_08_Blask_iGamingNews.pdf
2026-08-28,Mexico,LATAM,Tier 3,8,Rushbet,601380,110510000,2.96,Tier3_Top15_28_08_Blask_iGamingNews.pdf
2026-08-28,Mexico,LATAM,Tier 3,9,Novibet,572150,72530000,2.88,Tier3_Top15_28_08_Blask_iGamingNews.pdf
2026-08-28,Mexico,LATAM,Tier 3,10,Brazino777,529420,74650000,2.53,Tier3_Top15_28_08_Blask_iGamingNews.pdf
2026-08-28,Mexico,LATAM,Tier 3,11,Winpot,514220,83020000,2.47,Tier3_Top15_28_08_Blask_iGamingNews.pdf
2026-08-28,Mexico,LATAM,Tier 3,12,MexBoss,497080,63960000,2.43,Tier3_Top15_28_08_Blask_iGamingNews.pdf
2026-08-28,Mexico,LATAM,Tier 3,13,BetVip,379800,52340000,1.63,Tier3_Top15_28_08_Blask_iGamingNews.pdf
2026-08-28,Mexico,LATAM,Tier 3,14,Stake,346100,40170000,1.49,Tier3_Top15_28_08_Blask_iGamingNews.pdf
2026-08-28,Mexico,LATAM,Tier 3,15,Play UZU,352090,51780000,1.48,Tier3_Top15_28_08_Blask_iGamingNews.pdf
2026-08-28,Chile,LATAM,Tier 3,1,Betano,2560000,496740000,51.98,Tier3_Top15_28_08_Blask_iGamingNews.pdf
2026-08-28,Chile,LATAM,Tier 3,2,JugaBet,611340,108440000,12.04,Tier3_Top15_28_08_Blask_iGamingNews.pdf
2026-08-28,Chile,LATAM,Tier 3,3,Coolbet,383810,88370000,7.03,Tier3_Top15_28_08_Blask_iGamingNews.pdf
2026-08-28,Chile,LATAM,Tier 3,4,Betsson,216540,47940000,3.75,Tier3_Top15_28_08_Blask_iGamingNews.pdf
2026-08-28,Chile,LATAM,Tier 3,5,Novibet,170840,35560000,2.77,Tier3_Top15_28_08_Blask_iGamingNews.pdf
2026-08-28,Chile,LATAM,Tier 3,6,1win,162440,31530000,2.67,Tier3_Top15_28_08_Blask_iGamingNews.pdf
2026-08-28,Chile,LATAM,Tier 3,7,WinChile,148600,33050000,2.32,Tier3_Top15_28_08_Blask_iGamingNews.pdf
2026-08-28,Chile,LATAM,Tier 3,8,Rojabet,118620,28690000,1.73,Tier3_Top15_28_08_Blask_iGamingNews.pdf
2026-08-28,Chile,LATAM,Tier 3,9,Micasino,106210,26440000,1.46,Tier3_Top15_28_08_Blask_iGamingNews.pdf
2026-08-28,Chile,LATAM,Tier 3,10,Epicbet,96500,17190000,1.35,Tier3_Top15_28_08_Blask_iGamingNews.pdf
2026-08-28,Chile,LATAM,Tier 3,11,Stake,96510,18340000,1.32,Tier3_Top15_28_08_Blask_iGamingNews.pdf
2026-08-28,Chile,LATAM,Tier 3,12,Casino en Chile,82380,17620000,1.02,Tier3_Top15_28_08_Blask_iGamingNews.pdf
2026-08-28,Chile,LATAM,Tier 3,13,1xBet,75340,18050000,0.91,Tier3_Top15_28_08_Blask_iGamingNews.pdf
2026-08-28,Chile,LATAM,Tier 3,14,1Bet,64950,9030000,0.84,Tier3_Top15_28_08_Blask_iGamingNews.pdf
2026-08-28,Chile,LATAM,Tier 3,15,Bet7k,47000,6220000,0.65,Tier3_Top15_28_08_Blask_iGamingNews.pdf
2026-08-28,Nigeria,WEST AFRICA,Tier 3,1,SportyBet,15590000,257420000,38.87,Tier3_Top15_28_08_Blask_iGamingNews.pdf
2026-08-28,Nigeria,WEST AFRICA,Tier 3,2,Bet9ja,13340000,286600000,32.93,Tier3_Top15_28_08_Blask_iGamingNews.pdf
2026-08-28,Nigeria,WEST AFRICA,Tier 3,3,BetKing,5660000,92350000,13.99,Tier3_Top15_28_08_Blask_iGamingNews.pdf
2026-08-28,Nigeria,WEST AFRICA,Tier 3,4,MSport,2070000,37620000,5.01,Tier3_Top15_28_08_Blask_iGamingNews.pdf
2026-08-28,Nigeria,WEST AFRICA,Tier 3,5,betPawa,645060,17470000,1.45,Tier3_Top15_28_08_Blask_iGamingNews.pdf
2026-08-28,Nigeria,WEST AFRICA,Tier 3,6,Football.com,604000,9110000,1.36,Tier3_Top15_28_08_Blask_iGamingNews.pdf
2026-08-28,Nigeria,WEST AFRICA,Tier 3,7,iLOT Bet,508820,8260000,1.12,Tier3_Top15_28_08_Blask_iGamingNews.pdf
2026-08-28,Nigeria,WEST AFRICA,Tier 3,8,1xBet,359810,8090000,0.74,Tier3_Top15_28_08_Blask_iGamingNews.pdf
2026-08-28,Nigeria,WEST AFRICA,Tier 3,9,Betway,337760,7410000,0.68,Tier3_Top15_28_08_Blask_iGamingNews.pdf
2026-08-28,Nigeria,WEST AFRICA,Tier 3,10,Betano,314190,5680000,0.62,Tier3_Top15_28_08_Blask_iGamingNews.pdf
2026-08-28,Nigeria,WEST AFRICA,Tier 3,11,Bangbet,309300,5610000,0.62,Tier3_Top15_28_08_Blask_iGamingNews.pdf
2026-08-28,Nigeria,WEST AFRICA,Tier 3,12,Easywin,201040,2970000,0.35,Tier3_Top15_28_08_Blask_iGamingNews.pdf
2026-08-28,Nigeria,WEST AFRICA,Tier 3,13,Stake,186730,2950000,0.31,Tier3_Top15_28_08_Blask_iGamingNews.pdf
2026-08-28,Nigeria,WEST AFRICA,Tier 3,14,BC.Game,181270,3330000,0.29,Tier3_Top15_28_08_Blask_iGamingNews.pdf
2026-08-28,Nigeria,WEST AFRICA,Tier 3,15,1win,147130,2210000,0.21,Tier3_Top15_28_08_Blask_iGamingNews.pdf
2026-08-28,Uganda,WEST AFRICA,Tier 3,1,betPawa,5550000,81750000,69.44,Tier3_Top15_28_08_Blask_iGamingNews.pdf
2026-08-28,Uganda,WEST AFRICA,Tier 3,2,Fortebet,1600000,25070000,19.67,Tier3_Top15_28_08_Blask_iGamingNews.pdf
2026-08-28,Uganda,WEST AFRICA,Tier 3,3,Betika,356760,4290000,4.24,Tier3_Top15_28_08_Blask_iGamingNews.pdf
2026-08-28,Uganda,WEST AFRICA,Tier 3,4,AbaBet,207240,3920000,2.32,Tier3_Top15_28_08_Blask_iGamingNews.pdf
2026-08-28,Uganda,WEST AFRICA,Tier 3,5,BongoBongo,90780,1520000,0.86,Tier3_Top15_28_08_Blask_iGamingNews.pdf
2026-08-28,Uganda,WEST AFRICA,Tier 3,6,Gal Sport Betting,84000,1270000,0.78,Tier3_Top15_28_08_Blask_iGamingNews.pdf
2026-08-28,Uganda,WEST AFRICA,Tier 3,7,Champion Bet,79280,1150000,0.73,Tier3_Top15_28_08_Blask_iGamingNews.pdf
2026-08-28,Uganda,WEST AFRICA,Tier 3,8,World Star Betting,58560,1210000,0.47,Tier3_Top15_28_08_Blask_iGamingNews.pdf
2026-08-28,Uganda,WEST AFRICA,Tier 3,9,Kagwirawo,41390,582440,0.29,Tier3_Top15_28_08_Blask_iGamingNews.pdf
2026-08-28,Uganda,WEST AFRICA,Tier 3,10,22bet,35620,504270,0.23,Tier3_Top15_28_08_Blask_iGamingNews.pdf
2026-08-28,Uganda,WEST AFRICA,Tier 3,11,1xBet,26850,441320,0.17,Tier3_Top15_28_08_Blask_iGamingNews.pdf
2026-08-28,Uganda,WEST AFRICA,Tier 3,12,SportyBet,18850,472380,0.12,Tier3_Top15_28_08_Blask_iGamingNews.pdf
2026-08-28,Uganda,WEST AFRICA,Tier 3,13,Premier Bet,17990,291960,0.12,Tier3_Top15_28_08_Blask_iGamingNews.pdf
2026-08-28,Uganda,WEST AFRICA,Tier 3,14,SemaBet,16980,321480,0.11,Tier3_Top15_28_08_Blask_iGamingNews.pdf
2026-08-28,Uganda,WEST AFRICA,Tier 3,15,SlotsUG,10200,152370,0.07,Tier3_Top15_28_08_Blask_iGamingNews.pdf
2026-08-28,Colombia,LATAM,Tier 3,1,BetPlay,2330000,145030000,50.24,Tier3_Top15_28_08_Blask_iGamingNews.pdf
2026-08-28,Colombia,LATAM,Tier 3,2,Rushbet,923200,162970000,20.18,Tier3_Top15_28_08_Blask_iGamingNews.pdf
2026-08-28,Colombia,LATAM,Tier 3,3,Wplay,648600,58050000,14.03,Tier3_Top15_28_08_Blask_iGamingNews.pdf
2026-08-28,Colombia,LATAM,Tier 3,4,Betano,119080,24520000,2.33,Tier3_Top15_28_08_Blask_iGamingNews.pdf
2026-08-28,Colombia,LATAM,Tier 3,5,YaJuego,119550,37810000,2.15,Tier3_Top15_28_08_Blask_iGamingNews.pdf
2026-08-28,Colombia,LATAM,Tier 3,6,Betsson,95480,77480000,1.66,Tier3_Top15_28_08_Blask_iGamingNews.pdf
2026-08-28,Colombia,LATAM,Tier 3,7,Stake,80080,19410000,1.32,Tier3_Top15_28_08_Blask_iGamingNews.pdf
2026-08-28,Colombia,LATAM,Tier 3,8,bwin,65470,15650000,0.99,Tier3_Top15_28_08_Blask_iGamingNews.pdf
2026-08-28,Colombia,LATAM,Tier 3,9,Jojobet,46180,4590000,0.88,Tier3_Top15_28_08_Blask_iGamingNews.pdf
2026-08-28,Colombia,LATAM,Tier 3,10,Codere,60130,13220000,0.88,Tier3_Top15_28_08_Blask_iGamingNews.pdf
2026-08-28,Colombia,LATAM,Tier 3,11,Luckia,59670,14950000,0.85,Tier3_Top15_28_08_Blask_iGamingNews.pdf
2026-08-28,Colombia,LATAM,Tier 3,12,Sportium,58240,39270000,0.81,Tier3_Top15_28_08_Blask_iGamingNews.pdf
2026-08-28,Colombia,LATAM,Tier 3,13,1win,47780,9360000,0.63,Tier3_Top15_28_08_Blask_iGamingNews.pdf
2026-08-28,Colombia,LATAM,Tier 3,14,betPawa,28410,4050000,0.35,Tier3_Top15_28_08_Blask_iGamingNews.pdf
2026-08-28,Colombia,LATAM,Tier 3,15,JuegaEnLinea,28260,5510000,0.34,Tier3_Top15_28_08_Blask_iGamingNews.pdf
2026-08-28,Ghana,WEST AFRICA,Tier 3,1,SportyBet,1730000,36660000,54.24,Tier3_Top15_28_08_Blask_iGamingNews.pdf
2026-08-28,Ghana,WEST AFRICA,Tier 3,2,Betway,697650,21690000,20.8,Tier3_Top15_28_08_Blask_iGamingNews.pdf
2026-08-28,Ghana,WEST AFRICA,Tier 3,3,MSport,179480,4040000,4.98,Tier3_Top15_28_08_Blask_iGamingNews.pdf
2026-08-28,Ghana,WEST AFRICA,Tier 3,4,betPawa,181140,5440000,4.97,Tier3_Top15_28_08_Blask_iGamingNews.pdf
2026-08-28,Ghana,WEST AFRICA,Tier 3,5,SoccaBet,133740,4050000,3.47,Tier3_Top15_28_08_Blask_iGamingNews.pdf
2026-08-28,Ghana,WEST AFRICA,Tier 3,6,LuckyWin,124380,2330000,3.29,Tier3_Top15_28_08_Blask_iGamingNews.pdf
2026-08-28,Ghana,WEST AFRICA,Tier 3,7,Football.com,85750,1480000,2.06,Tier3_Top15_28_08_Blask_iGamingNews.pdf
2026-08-28,Ghana,WEST AFRICA,Tier 3,8,Bangbet,50880,1030000,0.97,Tier3_Top15_28_08_Blask_iGamingNews.pdf
2026-08-28,Ghana,WEST AFRICA,Tier 3,9,PrideSpins,39130,643180,0.72,Tier3_Top15_28_08_Blask_iGamingNews.pdf
2026-08-28,Ghana,WEST AFRICA,Tier 3,10,1win,32010,618080,0.59,Tier3_Top15_28_08_Blask_iGamingNews.pdf
2026-08-28,Ghana,WEST AFRICA,Tier 3,11,1xBet,31680,885630,0.58,Tier3_Top15_28_08_Blask_iGamingNews.pdf
2026-08-28,Ghana,WEST AFRICA,Tier 3,12,iLOT Bet,27610,513930,0.51,Tier3_Top15_28_08_Blask_iGamingNews.pdf
2026-08-28,Ghana,WEST AFRICA,Tier 3,13,Betika,24390,554490,0.45,Tier3_Top15_28_08_Blask_iGamingNews.pdf
2026-08-28,Ghana,WEST AFRICA,Tier 3,14,BetFox,18670,418220,0.34,Tier3_Top15_28_08_Blask_iGamingNews.pdf
2026-08-28,Ghana,WEST AFRICA,Tier 3,15,Sportsbet.io,16050,248750,0.29,Tier3_Top15_28_08_Blask_iGamingNews.pdf
2026-05-29,India,INDIA,Tier 3,1,4RABET,1720000,450750000,10.69,Tier3_Top15_29_05(P1)_Blask_iGamingNews.pdf
2026-05-29,India,INDIA,Tier 3,2,Dafabet,1480000,466230000,9.19,Tier3_Top15_29_05(P1)_Blask_iGamingNews.pdf
2026-05-29,India,INDIA,Tier 3,3,Winmatch,1440000,369820000,8.89,Tier3_Top15_29_05(P1)_Blask_iGamingNews.pdf
2026-05-29,India,INDIA,Tier 3,4,Parimatch,1410000,376240000,8.82,Tier3_Top15_29_05(P1)_Blask_iGamingNews.pdf
2026-05-29,India,INDIA,Tier 3,5,Stake,1270000,457610000,7.76,Tier3_Top15_29_05(P1)_Blask_iGamingNews.pdf
2026-05-29,India,INDIA,Tier 3,6,Khelo24bet,797500,245210000,4.82,Tier3_Top15_29_05(P1)_Blask_iGamingNews.pdf
2026-05-29,India,INDIA,Tier 3,7,Skyexch,674300,160830000,4.19,Tier3_Top15_29_05(P1)_Blask_iGamingNews.pdf
2026-05-29,India,INDIA,Tier 3,8,1Bet,651420,174820000,3.98,Tier3_Top15_29_05(P1)_Blask_iGamingNews.pdf
2026-05-29,India,INDIA,Tier 3,9,1xBet,608130,178570000,3.69,Tier3_Top15_29_05(P1)_Blask_iGamingNews.pdf
2026-05-29,India,INDIA,Tier 3,10,BC.Game,378860,113710000,2.23,Tier3_Top15_29_05(P1)_Blask_iGamingNews.pdf
2026-05-29,India,INDIA,Tier 3,11,IPLwin,353010,91120000,2.1,Tier3_Top15_29_05(P1)_Blask_iGamingNews.pdf
2026-05-29,India,INDIA,Tier 3,12,1win,336230,86010000,1.99,Tier3_Top15_29_05(P1)_Blask_iGamingNews.pdf
2026-05-29,India,INDIA,Tier 3,13,Batery,327890,88980000,1.93,Tier3_Top15_29_05(P1)_Blask_iGamingNews.pdf
2026-05-29,India,INDIA,Tier 3,14,Play In Exchange,311950,73050000,1.84,Tier3_Top15_29_05(P1)_Blask_iGamingNews.pdf
2026-05-29,India,INDIA,Tier 3,15,Winexch,308690,77500000,1.81,Tier3_Top15_29_05(P1)_Blask_iGamingNews.pdf
2026-05-29,Mexico,LATAM,Tier 3,1,Caliente,885530,915640000,28.67,Tier3_Top15_29_05(P1)_Blask_iGamingNews.pdf
2026-05-29,Mexico,LATAM,Tier 3,2,BetMexico,333240,81410000,10.41,Tier3_Top15_29_05(P1)_Blask_iGamingNews.pdf
2026-05-29,Mexico,LATAM,Tier 3,3,Codere,200750,142710000,5.9,Tier3_Top15_29_05(P1)_Blask_iGamingNews.pdf
2026-05-29,Mexico,LATAM,Tier 3,4,Bet365,192970,145680000,5.33,Tier3_Top15_29_05(P1)_Blask_iGamingNews.pdf
2026-05-29,Mexico,LATAM,Tier 3,5,Playdoit,164920,85740000,4.87,Tier3_Top15_29_05(P1)_Blask_iGamingNews.pdf
2026-05-29,Mexico,LATAM,Tier 3,6,AFun (MX),119650,20860000,3.53,Tier3_Top15_29_05(P1)_Blask_iGamingNews.pdf
2026-05-29,Mexico,LATAM,Tier 3,7,Betmaster,120860,30220000,3.34,Tier3_Top15_29_05(P1)_Blask_iGamingNews.pdf
2026-05-29,Mexico,LATAM,Tier 3,8,Rushbet,110840,33890000,3.01,Tier3_Top15_29_05(P1)_Blask_iGamingNews.pdf
2026-05-29,Mexico,LATAM,Tier 3,9,Novibet,96580,44510000,2.61,Tier3_Top15_29_05(P1)_Blask_iGamingNews.pdf
2026-05-29,Mexico,LATAM,Tier 3,10,Brazino777,97140,24850000,2.59,Tier3_Top15_29_05(P1)_Blask_iGamingNews.pdf
2026-05-29,Mexico,LATAM,Tier 3,11,Winpot,91090,31820000,2.33,Tier3_Top15_29_05(P1)_Blask_iGamingNews.pdf
2026-05-29,Mexico,LATAM,Tier 3,12,MexBoss,90720,15610000,2.31,Tier3_Top15_29_05(P1)_Blask_iGamingNews.pdf
2026-05-29,Mexico,LATAM,Tier 3,13,Betano,83150,46960000,2.14,Tier3_Top15_29_05(P1)_Blask_iGamingNews.pdf
2026-05-29,Mexico,LATAM,Tier 3,14,BetVip,68210,17050000,1.64,Tier3_Top15_29_05(P1)_Blask_iGamingNews.pdf
2026-05-29,Mexico,LATAM,Tier 3,15,Betway,68880,27520000,1.59,Tier3_Top15_29_05(P1)_Blask_iGamingNews.pdf
2026-05-29,Chile,LATAM,Tier 3,1,Betano,1490000,466710000,49.17,Tier3_Top15_29_05(P1)_Blask_iGamingNews.pdf
2026-05-29,Chile,LATAM,Tier 3,2,JugaBet,351770,94930000,11.57,Tier3_Top15_29_05(P1)_Blask_iGamingNews.pdf
2026-05-29,Chile,LATAM,Tier 3,3,Coolbet,250030,89350000,7.55,Tier3_Top15_29_05(P1)_Blask_iGamingNews.pdf
2026-05-29,Chile,LATAM,Tier 3,4,Betsson,134670,47170000,3.79,Tier3_Top15_29_05(P1)_Blask_iGamingNews.pdf
2026-05-29,Chile,LATAM,Tier 3,5,Novibet,113900,36010000,3.09,Tier3_Top15_29_05(P1)_Blask_iGamingNews.pdf
2026-05-29,Chile,LATAM,Tier 3,6,1win,100720,30360000,2.69,Tier3_Top15_29_05(P1)_Blask_iGamingNews.pdf
2026-05-29,Chile,LATAM,Tier 3,7,WinChile,98970,34180000,2.53,Tier3_Top15_29_05(P1)_Blask_iGamingNews.pdf
2026-05-29,Chile,LATAM,Tier 3,8,Rojabet,79410,29860000,1.89,Tier3_Top15_29_05(P1)_Blask_iGamingNews.pdf
2026-05-29,Chile,LATAM,Tier 3,9,Micasino,71110,28400000,1.57,Tier3_Top15_29_05(P1)_Blask_iGamingNews.pdf
2026-05-29,Chile,LATAM,Tier 3,10,Stake,60390,17390000,1.33,Tier3_Top15_29_05(P1)_Blask_iGamingNews.pdf
2026-05-29,Chile,LATAM,Tier 3,11,Epicbet,57000,15190000,1.29,Tier3_Top15_29_05(P1)_Blask_iGamingNews.pdf
2026-05-29,Chile,LATAM,Tier 3,12,Casino en Chile,54390,17910000,1.13,Tier3_Top15_29_05(P1)_Blask_iGamingNews.pdf
2026-05-29,Chile,LATAM,Tier 3,13,1xBet,53320,19480000,1.09,Tier3_Top15_29_05(P1)_Blask_iGamingNews.pdf
2026-05-29,Chile,LATAM,Tier 3,14,Pin Up,49560,13450000,1.07,Tier3_Top15_29_05(P1)_Blask_iGamingNews.pdf
2026-05-29,Chile,LATAM,Tier 3,15,Betsala,38640,13460000,0.77,Tier3_Top15_29_05(P1)_Blask_iGamingNews.pdf
2026-05-29,Nigeria,WEST AFRICA,Tier 3,1,SportyBet,4790000,232570000,37.27,Tier3_Top15_29_05(P1)_Blask_iGamingNews.pdf
2026-05-29,Nigeria,WEST AFRICA,Tier 3,2,Bet9ja,4590000,282900000,35.52,Tier3_Top15_29_05(P1)_Blask_iGamingNews.pdf
2026-05-29,Nigeria,WEST AFRICA,Tier 3,3,BetKing,1730000,81040000,13.41,Tier3_Top15_29_05(P1)_Blask_iGamingNews.pdf
2026-05-29,Nigeria,WEST AFRICA,Tier 3,4,MSport,664130,35910000,4.99,Tier3_Top15_29_05(P1)_Blask_iGamingNews.pdf
2026-05-29,Nigeria,WEST AFRICA,Tier 3,5,betPawa,200020,16990000,1.39,Tier3_Top15_29_05(P1)_Blask_iGamingNews.pdf
2026-05-29,Nigeria,WEST AFRICA,Tier 3,6,Football.com,173750,7610000,1.2,Tier3_Top15_29_05(P1)_Blask_iGamingNews.pdf
2026-05-29,Nigeria,WEST AFRICA,Tier 3,7,iLOT Bet,149330,7470000,0.99,Tier3_Top15_29_05(P1)_Blask_iGamingNews.pdf
2026-05-29,Nigeria,WEST AFRICA,Tier 3,8,1xBet,123220,8150000,0.79,Tier3_Top15_29_05(P1)_Blask_iGamingNews.pdf
2026-05-29,Nigeria,WEST AFRICA,Tier 3,9,Betway,111520,7330000,0.69,Tier3_Top15_29_05(P1)_Blask_iGamingNews.pdf
2026-05-29,Nigeria,WEST AFRICA,Tier 3,10,Betano,107750,5760000,0.67,Tier3_Top15_29_05(P1)_Blask_iGamingNews.pdf
2026-05-29,Nigeria,WEST AFRICA,Tier 3,11,Bangbet,97140,5300000,0.59,Tier3_Top15_29_05(P1)_Blask_iGamingNews.pdf
2026-05-29,Nigeria,WEST AFRICA,Tier 3,12,BC.Game,63770,3380000,0.33,Tier3_Top15_29_05(P1)_Blask_iGamingNews.pdf
2026-05-29,Nigeria,WEST AFRICA,Tier 3,13,Easywin,57390,2420000,0.29,Tier3_Top15_29_05(P1)_Blask_iGamingNews.pdf
2026-05-29,Nigeria,WEST AFRICA,Tier 3,14,Stake,54100,2630000,0.26,Tier3_Top15_29_05(P1)_Blask_iGamingNews.pdf
2026-05-29,Nigeria,WEST AFRICA,Tier 3,15,1win,43080,1850000,0.18,Tier3_Top15_29_05(P1)_Blask_iGamingNews.pdf
2026-05-29,Uganda,WEST AFRICA,Tier 3,1,betPawa,5460000,79910000,68.59,Tier3_Top15_29_05(P2)_Blask_iGamingNews.pdf
2026-05-29,Uganda,WEST AFRICA,Tier 3,2,Fortebet,1670000,25630000,20.59,Tier3_Top15_29_05(P2)_Blask_iGamingNews.pdf
2026-05-29,Uganda,WEST AFRICA,Tier 3,3,Betika,336000,3810000,4.03,Tier3_Top15_29_05(P2)_Blask_iGamingNews.pdf
2026-05-29,Uganda,WEST AFRICA,Tier 3,4,AbaBet,213670,3970000,2.42,Tier3_Top15_29_05(P2)_Blask_iGamingNews.pdf
2026-05-29,Uganda,WEST AFRICA,Tier 3,5,BongoBongo,94290,1570000,0.91,Tier3_Top15_29_05(P2)_Blask_iGamingNews.pdf
2026-05-29,Uganda,WEST AFRICA,Tier 3,6,Gal Sport Betting,81780,1240000,0.77,Tier3_Top15_29_05(P2)_Blask_iGamingNews.pdf
2026-05-29,Uganda,WEST AFRICA,Tier 3,7,Champion Bet,77600,1090000,0.72,Tier3_Top15_29_05(P2)_Blask_iGamingNews.pdf
2026-05-29,Uganda,WEST AFRICA,Tier 3,8,World Star Betting,58640,1220000,0.47,Tier3_Top15_29_05(P2)_Blask_iGamingNews.pdf
2026-05-29,Uganda,WEST AFRICA,Tier 3,9,Kagwirawo,41090,555820,0.29,Tier3_Top15_29_05(P2)_Blask_iGamingNews.pdf
2026-05-29,Uganda,WEST AFRICA,Tier 3,10,22bet,36170,514590,0.24,Tier3_Top15_29_05(P2)_Blask_iGamingNews.pdf
2026-05-29,Uganda,WEST AFRICA,Tier 3,11,1xBet,28120,439140,0.18,Tier3_Top15_29_05(P2)_Blask_iGamingNews.pdf
2026-05-29,Uganda,WEST AFRICA,Tier 3,12,SemaBet,21860,415260,0.14,Tier3_Top15_29_05(P2)_Blask_iGamingNews.pdf
2026-05-29,Uganda,WEST AFRICA,Tier 3,13,Premier Bet,19000,291250,0.12,Tier3_Top15_29_05(P2)_Blask_iGamingNews.pdf
2026-05-29,Uganda,WEST AFRICA,Tier 3,14,SportyBet,18510,470240,0.12,Tier3_Top15_29_05(P2)_Blask_iGamingNews.pdf
2026-05-29,Uganda,WEST AFRICA,Tier 3,15,SlotsUG,10320,148400,0.07,Tier3_Top15_29_05(P2)_Blask_iGamingNews.pdf
2026-05-29,Colombia,LATAM,Tier 3,1,BetPlay,2690000,260350000,57.43,Tier3_Top15_29_05(P2)_Blask_iGamingNews.pdf
2026-05-29,Colombia,LATAM,Tier 3,2,Rushbet,877750,116200000,18.76,Tier3_Top15_29_05(P2)_Blask_iGamingNews.pdf
2026-05-29,Colombia,LATAM,Tier 3,3,Wplay,583850,56370000,12.22,Tier3_Top15_29_05(P2)_Blask_iGamingNews.pdf
2026-05-29,Colombia,LATAM,Tier 3,4,YaJuego,125480,11690000,2.25,Tier3_Top15_29_05(P2)_Blask_iGamingNews.pdf
2026-05-29,Colombia,LATAM,Tier 3,5,Betsson,92940,75020000,1.56,Tier3_Top15_29_05(P2)_Blask_iGamingNews.pdf
2026-05-29,Colombia,LATAM,Tier 3,6,Betano,78130,3420000,1.31,Tier3_Top15_29_05(P2)_Blask_iGamingNews.pdf
2026-05-29,Colombia,LATAM,Tier 3,7,Stake,75180,4600000,1.17,Tier3_Top15_29_05(P2)_Blask_iGamingNews.pdf
2026-05-29,Colombia,LATAM,Tier 3,8,bwin,62870,4550000,0.91,Tier3_Top15_29_05(P2)_Blask_iGamingNews.pdf
2026-05-29,Colombia,LATAM,Tier 3,9,Sportium,60810,40300000,0.85,Tier3_Top15_29_05(P2)_Blask_iGamingNews.pdf
2026-05-29,Colombia,LATAM,Tier 3,10,Luckia,59840,4220000,0.84,Tier3_Top15_29_05(P2)_Blask_iGamingNews.pdf
2026-05-29,Colombia,LATAM,Tier 3,11,Codere,57770,13020000,0.79,Tier3_Top15_29_05(P2)_Blask_iGamingNews.pdf
2026-05-29,Colombia,LATAM,Tier 3,12,1win,49340,9670000,0.64,Tier3_Top15_29_05(P2)_Blask_iGamingNews.pdf
2026-05-29,Colombia,LATAM,Tier 3,13,Rivalo,25810,2470000,0.31,Tier3_Top15_29_05(P2)_Blask_iGamingNews.pdf
2026-05-29,Colombia,LATAM,Tier 3,14,1xBet,24370,5110000,0.29,Tier3_Top15_29_05(P2)_Blask_iGamingNews.pdf
2026-05-29,Colombia,LATAM,Tier 3,15,Zamba,21380,2930000,0.25,Tier3_Top15_29_05(P2)_Blask_iGamingNews.pdf
2026-05-29,Ghana,WEST AFRICA,Tier 3,1,SportyBet,1660000,35730000,52.65,Tier3_Top15_29_05(P2)_Blask_iGamingNews.pdf
2026-05-29,Ghana,WEST AFRICA,Tier 3,2,Betway,722390,21930000,22.13,Tier3_Top15_29_05(P2)_Blask_iGamingNews.pdf
2026-05-29,Ghana,WEST AFRICA,Tier 3,3,betPawa,185610,5500000,5.18,Tier3_Top15_29_05(P2)_Blask_iGamingNews.pdf
2026-05-29,Ghana,WEST AFRICA,Tier 3,4,MSport,178510,3990000,5.05,Tier3_Top15_29_05(P2)_Blask_iGamingNews.pdf
2026-05-29,Ghana,WEST AFRICA,Tier 3,5,SoccaBet,139490,4090000,3.75,Tier3_Top15_29_05(P2)_Blask_iGamingNews.pdf
2026-05-29,Ghana,WEST AFRICA,Tier 3,6,LuckyWin,118150,2210000,3.13,Tier3_Top15_29_05(P2)_Blask_iGamingNews.pdf
2026-05-29,Ghana,WEST AFRICA,Tier 3,7,Football.com,81960,1350000,2.02,Tier3_Top15_29_05(P2)_Blask_iGamingNews.pdf
2026-05-29,Ghana,WEST AFRICA,Tier 3,8,Bangbet,46870,949190,0.91,Tier3_Top15_29_05(P2)_Blask_iGamingNews.pdf
2026-05-29,Ghana,WEST AFRICA,Tier 3,9,PrideSpins,34920,553560,0.65,Tier3_Top15_29_05(P2)_Blask_iGamingNews.pdf
2026-05-29,Ghana,WEST AFRICA,Tier 3,10,1win,33520,624300,0.63,Tier3_Top15_29_05(P2)_Blask_iGamingNews.pdf
2026-05-29,Ghana,WEST AFRICA,Tier 3,11,1xBet,33560,908010,0.63,Tier3_Top15_29_05(P2)_Blask_iGamingNews.pdf
2026-05-29,Ghana,WEST AFRICA,Tier 3,12,iLOT Bet,29060,496170,0.54,Tier3_Top15_29_05(P2)_Blask_iGamingNews.pdf
2026-05-29,Ghana,WEST AFRICA,Tier 3,13,Betika,26030,561040,0.49,Tier3_Top15_29_05(P2)_Blask_iGamingNews.pdf
2026-05-29,Ghana,WEST AFRICA,Tier 3,14,BetFox,19770,426730,0.37,Tier3_Top15_29_05(P2)_Blask_iGamingNews.pdf
2026-05-29,Ghana,WEST AFRICA,Tier 3,15,My Bet Africa,11310,346860,0.21,Tier3_Top15_29_05(P2)_Blask_iGamingNews.pdf
